"","球员","身价","射门","射正","进球","偷球","关键传球","带球摆脱","助攻","被侵犯","解围","拦截","封堵","头球","铲断"
"1","托马斯",180,32,9,5,15,8,5,1,13,11,5,5,47,15
"2","M.加西亚",162,30,7,2,27,12,12,1,53,59,26,7,107,83
"3","马丁阿古拉甘",135,1,0,0,10,8,25,0,28,56,26,11,20,42
"4","伊利",540,2,1,0,0,2,0,0,2,25,8,7,24,7
"5","迭戈.罗兰",315,10,2,0,15,5,12,0,17,8,4,0,9,13
"6","高美思",90,2,0,0,0,0,1,0,3,9,7,0,5,11
"7","鲁本.杜阿尔特",180,23,8,0,6,26,5,0,61,110,58,12,54,73
"8","薜慕",180,13,3,2,15,10,15,2,37,132,50,12,49,56
"9","圭德蒂",360,9,4,2,5,9,1,1,2,6,2,0,16,3
"10","P.特武马西",252,3,2,0,6,2,1,0,1,2,1,0,4,4
"11","干贵士",450,29,9,2,18,7,22,0,28,4,5,0,4,16
"12","拉瓜迪亚",162,17,4,1,4,7,0,2,14,218,52,19,78,48
"14","托雷斯丹尼尔",0,0,0,0,1,0,0,0,1,0,2,0,1,1
"15","J.卡莱里",540,81,20,9,76,30,40,2,69,52,5,7,200,20
"16","W.梅巴拉克",108,29,5,1,17,7,17,1,29,18,13,9,19,46
"17","G.洛沙",1350,15,4,2,1,3,2,2,10,129,37,19,95,48
"18","布尔吉",162,8,2,1,3,12,5,0,20,0,0,0,6,9
"20","布拉萨纳奇",180,9,1,0,17,9,12,1,14,19,16,3,32,30
"21","皮纳",162,12,3,2,19,22,11,0,52,37,38,4,63,65
"22","J.梅内德斯",180,53,22,4,63,88,64,11,31,8,24,1,5,27
"23","霍尔丁",630,2,0,0,2,2,3,0,2,38,10,8,21,11
"24","M.埃尔内尼",900,7,0,0,2,5,2,0,0,8,2,4,2,13
"25","拉姆塞",4050,33,14,4,29,25,12,6,20,3,7,1,12,35
"26","马夫罗帕诺斯",270,2,0,0,0,1,2,0,0,6,5,1,2,1
"27","利希施泰纳",135,1,0,0,11,3,4,0,10,23,8,4,19,15
"28","托雷拉",4950,25,6,2,28,16,12,2,77,33,39,7,20,63
"29","拉卡泽特",5400,80,30,13,60,31,45,8,54,29,15,1,45,36
"30","奈尔斯",630,5,3,1,15,6,17,1,12,11,19,4,6,30
"31","古恩多兹",630,16,3,0,29,17,22,0,62,25,26,5,18,47
"32","贝莱林",3600,18,4,0,15,8,14,5,6,33,18,4,21,16
"33","扎卡",3600,29,12,4,17,40,6,2,51,55,33,9,52,50
"36","厄齐尔",4050,11,6,5,35,44,20,2,22,4,4,2,5,14
"37","科拉希纳茨",1620,9,2,0,18,31,11,5,10,26,22,3,21,32
"38","奧巴梅扬",6750,92,40,22,36,33,27,5,23,18,8,0,33,19
"39","科斯切尔尼",1350,5,4,3,3,2,1,0,15,68,28,15,25,19
"40","蒙雷亚尔",1170,7,4,1,5,11,7,3,21,53,28,9,35,35
"41","穆斯塔菲",2250,18,9,2,6,6,8,0,8,156,59,16,120,62
"42","詹金森",315,0,0,0,4,1,0,0,0,2,0,3,1,3
"43","姆希塔良",3150,49,14,6,27,29,19,4,10,11,17,2,20,27
"44","帕帕斯塔索普洛斯",1800,11,2,1,7,5,4,2,24,108,27,17,55,41
"45","伊沃比",1350,35,14,3,56,38,46,5,13,11,11,1,4,27
"46","维尔贝克",1350,4,2,1,3,5,2,1,2,1,1,0,7,3
"47","卡华特利云",1350,51,16,6,39,11,20,2,32,19,7,3,108,14
"48","科尔曼",1080,15,7,2,26,22,18,2,20,72,27,5,45,43
"49","基尼",1800,31,9,1,5,8,6,2,7,185,46,22,194,40
"50","理查尔利逊",4500,81,29,14,88,20,35,1,73,37,15,2,66,47
"51","Y·米纳",2250,4,1,1,2,3,0,0,5,49,7,5,39,13
"52","施奈德林",1800,3,0,0,6,8,1,1,7,16,14,3,19,25
"53","汤姆.戴维斯",1350,6,2,0,8,5,14,0,17,9,16,1,8,26
"54","I.盖伊",1800,19,4,0,30,18,22,2,38,45,74,8,31,138
"55","巴恩斯",720,2,1,0,1,4,1,0,1,7,4,0,2,8
"56","祖玛",1350,19,3,2,13,6,6,2,15,119,50,12,99,32
"57","麦卡锡",720,0,0,0,0,0,0,0,0,0,1,0,0,2
"58","戈麦斯",2520,21,5,1,54,6,38,1,27,18,20,4,40,40
"59","托松",2070,37,17,3,17,13,2,3,16,3,5,0,34,13
"60","迪涅",1620,34,10,4,32,70,13,4,32,90,58,9,90,74
"61","伯纳德",1440,23,5,1,42,40,36,2,27,12,27,2,3,45
"62","西古德森",2700,86,34,13,33,75,36,6,39,23,29,4,17,52
"64","沃尔科特",1800,42,21,5,40,21,30,2,26,7,22,1,16,28
"65","A.洛卡马纳",1080,12,3,0,25,10,22,2,21,2,8,0,6,15
"66","肯尼",450,3,0,0,9,6,5,1,1,30,16,2,23,19
"67","奥雷利亚纳",180,79,26,3,107,48,81,5,59,1,19,0,26,43
"68","拉米斯",45,15,3,0,0,1,3,0,10,61,23,5,62,21
"69","鲁宾彭拿",900,22,4,1,28,45,59,2,34,40,38,9,22,60
"70","P.迪奥普",90,36,5,1,14,10,19,1,45,24,35,1,100,70
"71","布拉西斯",270,12,8,2,19,22,8,0,11,17,16,0,27,32
"74","莱昂",180,7,2,1,9,3,1,0,5,1,5,0,12,7
"75","安赫尔",225,0,0,0,0,0,0,0,0,0,0,0,0,0
"76","阿尔比拉",180,18,1,1,5,4,4,2,5,90,49,4,60,30
"77","奎克",270,44,16,3,28,14,6,0,25,7,4,0,82,7
"78","阿尔瓦雷斯",225,2,0,0,7,2,2,0,6,40,16,4,34,33
"79","查尔斯",135,62,30,14,14,15,2,1,29,15,6,1,106,8
"80","塞尔吉",270,67,16,7,46,28,9,4,31,11,8,1,172,29
"81","P.奥利维拉",270,9,2,0,2,1,0,0,12,108,39,10,76,51
"82","G.埃斯卡兰特",225,22,10,4,19,9,22,1,18,21,25,2,45,54
"83","比加斯",135,3,0,0,1,1,0,1,4,22,8,2,14,5
"84","V.帕若",225,13,0,0,2,4,1,0,12,6,6,0,26,19
"85","T.曼加尼",315,21,9,3,24,31,5,0,11,22,20,2,14,40
"86","S.巴贺根",270,63,32,11,59,22,6,1,36,5,8,1,34,14
"87","S.巴迪斯達",360,22,4,1,32,12,25,0,48,48,56,4,37,114
"88","R.托马斯",315,14,3,2,2,9,0,1,14,126,29,20,66,31
"89","R.婀娜妮",13.5,0,0,0,0,0,0,0,1,1,0,0,0,2
"90","比勒纳德",180,1,1,0,8,4,8,0,1,13,5,2,10,12
"91","F.泰迪",720,80,37,6,64,67,73,6,67,12,25,2,9,54
"92","M.柏夫路域",113,16,6,2,2,5,1,1,8,154,19,30,58,23
"93","阿德莱德",270,36,15,3,72,29,88,3,67,5,19,1,15,39
"94","A.邦巴",90,7,0,0,13,15,13,4,23,67,28,4,22,48
"95","佩普 - 迪奥",22.5,0,0,0,0,0,0,0,0,0,1,0,1,0
"96","阿卡",90,19,7,2,7,6,4,0,7,2,0,0,10,0
"98","卡皮里",90,27,6,3,34,25,17,3,8,42,32,3,26,51
"100","安吉洛",360,28,10,4,49,39,19,1,44,11,26,3,22,35
"101","洛佩斯",135,10,4,2,8,2,1,0,12,3,1,0,17,5
"102","法里德.莫拉利",54,14,2,0,28,8,16,2,14,0,12,0,2,14
"103","特劳雷",135,15,6,3,6,4,6,1,5,111,38,17,30,27
"104","芒索",180,16,1,1,15,17,10,1,35,68,38,10,20,92
"105","马克斯",1800,24,13,4,15,61,10,2,20,39,23,3,25,35
"106","扬克尔",13.5,0,0,0,1,0,0,0,1,1,0,0,1,2
"107","西蒙艾塔",22.5,2,0,0,0,0,1,0,0,0,3,1,2,4
"108","席贝尔",90,4,2,1,6,1,2,0,1,2,1,0,8,3
"109","莫拉维克",67.5,3,2,0,7,9,4,2,2,13,10,1,12,35
"111","拜尔",90,26,10,0,26,21,16,1,50,47,66,7,27,63
"113","特格尔",45,1,1,0,3,3,2,0,3,3,7,0,1,6
"114","K.丹素",540,10,5,1,4,2,2,1,15,68,18,17,48,27
"115","拉尼",315,14,5,4,11,8,2,1,23,92,81,22,62,56
"116","哈恩",315,37,15,4,27,30,17,4,20,27,27,2,62,63
"117","拉斐尔",135,0,0,0,6,6,7,0,7,10,11,3,7,9
"118","格雷戈里奇",1620,85,25,6,28,28,14,2,28,56,17,10,89,20
"119","施米德",315,17,9,3,20,45,15,7,22,55,44,9,29,45
"120","F.贊臣",270,2,0,0,3,2,2,0,0,3,2,0,5,4
"121","斯迪德菲尼迪斯",315,10,1,0,2,9,4,0,10,27,16,2,8,21
"122","塞尔吉奥.科尔多瓦",135,13,4,3,20,4,11,0,19,5,2,0,19,9
"123","菲利克",90,2,2,1,2,0,0,0,1,7,3,0,2,4
"124","格维勒夫",720,8,2,0,11,7,10,2,9,66,58,20,45,43
"125","奥克斯福德",450,4,0,0,1,1,0,1,2,39,11,9,15,12
"126","乔佐.斯坦尼克",18,0,0,0,0,0,0,0,0,0,0,0,0,0
"127","池东沅",90,22,7,4,19,10,18,1,8,9,7,2,27,10
"128","马可.里希特",360,55,23,4,40,18,34,6,26,9,13,1,19,12
"129","芬恩博加松",1080,40,18,10,24,20,12,1,10,10,2,1,24,7
"130","卡尔森-布拉克",22.5,0,0,0,0,0,0,0,0,0,0,0,0,0
"131","柯林达巴",450,3,2,0,10,14,9,2,6,11,9,0,2,22
"132","席尔瓦",900,12,1,0,3,6,1,1,24,90,30,20,50,15
"133","蒂洛.科雷尔",3150,14,4,1,7,6,4,2,17,58,29,15,49,63
"134","莫廷",540,25,7,3,20,5,20,0,6,4,3,0,13,9
"135","L.迪亚拉",225,0,0,0,5,1,3,0,3,3,1,0,1,2
"136","斯坦利",765,0,0,0,4,3,11,0,3,19,16,1,16,19
"138","姆巴佩",18000,122,68,33,44,45,61,7,40,2,4,0,3,7
"139","库尔萨瓦",1575,6,2,1,11,12,9,2,5,13,10,2,28,20
"140","克里斯托弗",1080,21,5,3,21,15,25,2,28,6,7,1,12,21
"141","梅乌涅尔",3150,19,8,3,10,19,9,3,4,23,20,2,33,41
"142","马基尼奥斯",5850,11,3,3,8,10,6,2,10,82,40,14,67,63
"143","维拉蒂",6750,3,0,0,33,30,32,2,56,8,21,1,5,72
"144","贝尔纳特",1350,5,1,1,23,20,16,2,20,28,18,5,16,49
"145","迪马利亚",3600,98,34,12,47,56,40,11,19,4,18,1,0,30
"146","德拉克斯勒",3150,31,17,3,45,36,42,7,14,1,15,1,18,36
"147","卡瓦尼",3600,49,21,18,11,13,11,5,15,14,6,1,4,10
"148","巴雷德斯",3150,14,2,0,8,18,4,2,23,19,15,6,10,35
"149","内马尔",16200,51,25,15,65,40,64,5,55,1,5,0,8,12
"150","金彭贝",2700,4,1,0,11,4,4,1,40,41,27,9,25,53
"151","莫雷诺",20.3,1,1,0,0,0,0,0,1,0,0,0,0,0
"152","大卫.萨戈利奥",450,32,9,2,34,30,29,5,51,24,46,5,32,44
"153","隆卡里亚",270,4,0,0,10,2,3,0,14,60,30,8,34,47
"154","沃斯",1350,28,3,1,12,31,9,3,41,42,33,4,43,36
"155","罗德里戈",4500,80,31,8,39,31,43,6,41,16,4,1,46,22
"156","皮奇尼",675,12,3,1,13,5,29,0,14,56,29,7,25,33
"157","弗兰托雷斯",450,17,6,2,17,16,13,1,10,8,10,1,29,16
"158","加布里埃尔阿曼多",1800,11,2,0,3,5,2,1,30,158,69,21,64,31
"159","马塞罗·加莱",1080,13,6,2,0,4,2,0,13,135,19,23,73,20
"161","冈萨洛.格德斯",3600,35,14,5,26,21,36,3,51,2,7,0,8,30
"162","索布里诺",180,23,6,3,21,10,15,1,16,12,4,2,36,23
"163","摩卡迪查",1350,10,3,2,2,0,5,0,9,95,21,16,35,13
"164","切里舍夫",540,32,6,2,16,37,16,2,19,11,16,3,34,45
"165","康多比亚",2700,22,5,1,18,6,23,1,18,22,23,7,27,48
"167","S.米拿",1800,43,22,7,52,16,12,5,41,17,4,2,44,19
"168","加亚",3150,15,3,1,18,25,38,1,55,96,41,6,34,83
"169","科奎林",1080,9,3,0,27,18,24,1,29,28,50,5,35,46
"170","C.巴拉甘",2700,41,14,2,32,34,23,6,50,33,22,6,24,42
"171","巴利祖",1800,44,21,9,22,79,36,6,54,22,47,7,29,73
"172","加梅罗",1620,36,15,6,29,26,10,1,12,3,6,2,11,13
"173","瓦古埃",270,1,1,0,2,5,6,0,0,2,4,0,2,6
"174","乌姆蒂蒂",6300,2,0,0,3,1,4,1,16,26,20,8,13,8
"175","S.罗伯托",4950,9,1,0,20,28,14,7,33,26,41,3,28,29
"176","N.塞梅多",3600,6,2,1,23,4,17,0,27,17,22,7,17,37
"177","登贝莱",10800,39,17,8,45,46,65,5,22,2,5,0,8,23
"178","博阿滕",720,3,1,0,9,2,0,0,9,3,1,0,4,3
"179","朗格莱",4500,6,2,1,3,0,6,0,14,65,24,20,42,46
"180","马尔科姆",3600,11,6,1,6,13,10,2,9,1,2,0,4,5
"181","里奇普格",900,0,0,0,0,1,0,0,1,0,0,0,1,1
"182","阿图尔",6300,6,4,0,11,14,9,1,40,8,10,0,3,14
"184","库蒂尼奥",8100,67,31,5,48,30,51,2,43,2,10,2,7,18
"185","梅西",13500,171,87,36,81,92,131,13,66,0,2,0,8,13
"186","比达尔",1620,23,9,3,15,21,5,7,34,21,29,5,39,77
"187","皮克",3600,18,10,4,11,6,9,2,21,147,38,27,115,42
"188","布茨克斯",6750,8,0,0,26,15,11,1,54,21,56,8,51,87
"189","阿尔巴",6300,15,6,2,25,47,15,8,18,51,66,6,19,42
"190","J.托迪博",720,0,0,0,3,0,3,0,0,7,3,0,2,8
"191","C.阿莱尼亚",2250,14,3,2,14,9,12,0,14,0,3,0,5,6
"192","普约尔.佩雷斯",135,1,0,0,1,0,1,0,0,0,0,0,0,0
"193","拉基蒂奇",4500,36,11,3,22,16,21,5,52,24,49,8,37,30
"194","L.苏亚雷斯",4500,110,57,21,53,47,38,6,56,24,7,3,22,18
"196","拉菲尼亚",1350,2,0,0,7,2,0,0,8,2,1,1,3,9
"197","马克西米利安",180,23,7,1,25,20,22,1,23,47,49,5,44,62
"198","伊比塞维奇",180,53,20,10,27,16,12,2,14,20,3,4,64,12
"199","丹尼斯.贾斯捷姆布斯基",22.5,1,0,0,1,1,1,0,0,0,0,0,0,0
"200","斯塔克",1350,11,4,1,2,3,1,0,20,131,38,26,58,32
"201","卡劳",315,47,17,8,58,28,52,2,23,23,7,1,43,19
"202","格鲁伊奇",450,46,20,5,21,16,27,1,22,51,31,6,69,49
"203","达利达",720,8,3,0,4,7,4,1,6,5,8,0,2,8
"204","科普克",180,4,1,0,5,0,1,0,1,0,0,0,0,1
"205","雷基克",1350,7,2,0,7,1,2,0,23,86,41,16,49,36
"206","L.克伦特",225,5,1,0,3,2,12,0,7,18,12,2,8,11
"207","马修莱基",270,22,9,2,17,12,10,0,18,12,13,1,48,19
"208","D.塞尔克",1080,45,21,3,29,19,21,5,26,5,1,0,104,5
"209","O.杜达",270,54,20,11,40,40,31,5,44,14,18,4,32,51
"210","普拉滕哈特",1530,11,2,1,14,32,8,2,23,45,7,3,11,27
"211","J.彻纳里克哈",585,7,2,2,6,5,1,2,6,53,33,7,37,32
"213","阿恩.迈尔",675,20,6,0,14,18,21,0,14,34,31,9,21,35
"214","戴勒沃森",90,11,5,2,15,12,9,3,21,7,8,2,5,14
"215","佩卡里克",158,1,0,0,0,1,2,0,0,5,1,1,4,2
"216","卢斯滕伯格",225,2,0,0,4,4,3,1,34,107,47,18,48,44
"217","帕尔科.达代",54,1,0,0,4,3,0,0,0,0,0,0,1,0
"218","斯杰尔布雷德",360,5,1,0,11,8,8,1,10,12,20,1,12,24
"220","K·科曼",4500,31,19,6,36,28,58,4,41,1,6,0,12,11
"221","里贝里",360,26,11,6,48,21,36,3,18,0,8,0,1,14
"222","马丁内斯",2700,17,8,3,3,7,4,0,12,13,32,5,50,26
"223","格纳布里",4050,64,31,10,30,27,51,5,15,2,11,0,7,33
"224","卢斯桑切斯",1800,16,4,1,9,9,16,1,11,1,5,0,2,6
"225","托利索",4050,1,1,1,0,2,0,0,1,0,0,1,2,0
"226","蒂亚戈",6300,23,8,2,28,39,52,6,34,18,43,4,37,88
"227","莱万多夫斯基",6300,143,50,22,49,47,48,7,46,14,5,1,56,13
"228","L.格雷茨卡",4500,55,21,8,17,19,14,4,19,14,26,4,38,40
"229","博阿滕",2700,14,3,0,0,12,1,2,9,46,24,3,31,22
"230","胡梅尔斯",3150,19,5,1,4,12,9,1,9,49,37,8,80,27
"231","阿拉巴",4950,47,16,3,19,28,27,3,11,29,34,3,24,32
"232","A.戴维斯",900,2,1,1,2,0,3,0,0,0,2,0,0,2
"234","基米希",5400,25,9,2,24,83,38,13,50,33,38,9,25,45
"235","聚勒",4500,20,6,2,5,6,4,0,6,83,44,13,77,28
"236","罗德里格斯",4500,36,19,7,9,51,14,3,15,1,4,0,3,12
"237","穆勒",3600,64,27,6,18,57,21,8,24,12,11,5,46,39
"239","郑优营",180,1,1,0,0,0,0,0,0,0,0,0,0,0
"240","J.摩利",720,26,6,2,6,6,7,1,22,146,47,24,71,40
"241","哈维-昆蒂利亚",90,3,0,0,1,5,0,0,0,13,8,3,3,11
"243","卡洛斯.巴卡",630,31,15,6,30,23,12,1,9,5,7,0,22,5
"244","鲁伊斯",1080,8,1,0,1,3,8,0,10,62,38,15,49,28
"245","马里奥",1620,25,7,1,12,16,11,2,12,81,47,11,55,62
"246","阿尔瓦罗",810,13,2,1,3,9,0,2,32,174,38,24,80,49
"247","圣地亚哥",900,5,1,0,4,15,10,1,12,23,14,9,26,64
"249","伊沃拉",810,18,7,3,15,7,7,1,37,41,20,7,90,31
"250","巴拉古尔诺",1800,73,33,8,51,38,32,1,37,37,7,8,61,23
"251","卡索拉",225,31,11,4,55,72,47,10,58,17,28,6,10,71
"252","博内拉",18,0,0,0,0,0,0,0,0,11,4,5,1,2
"253","特里格罗斯",1800,18,1,0,17,18,5,0,22,15,18,6,15,47
"254","拉巴",450,3,1,0,7,4,0,1,4,0,1,0,3,5
"255","托高",1620,59,32,10,33,26,51,1,29,9,11,0,32,10
"256","霍尔达",810,13,2,1,4,8,11,0,23,44,22,3,25,32
"257","阿方索",1980,36,13,3,14,24,31,3,12,42,31,8,26,60
"258","努涅斯",1350,12,3,0,1,3,2,0,2,58,31,12,43,14
"259","圣何塞",810,12,3,0,14,17,5,0,8,34,21,6,68,44
"260","阿杜里茨",90,19,11,2,8,7,2,0,8,3,0,1,51,4
"261","Y. 博奇切",1800,29,6,2,19,18,31,2,78,73,45,9,79,49
"262","贝尼亚特",360,15,3,1,21,32,7,2,17,10,29,2,20,50
"263","伊尼戈",2880,26,4,0,7,2,3,0,55,142,75,14,95,53
"264","巴伦齐亚加",360,1,0,0,3,3,2,0,1,17,2,2,5,11
"265","R.加西亚",810,81,35,9,29,27,12,3,60,35,22,1,191,60
"267","D.卡利路",360,2,0,0,12,5,3,1,26,45,50,8,55,57
"268","穆尼亚因",900,25,12,7,51,28,57,3,79,6,13,3,6,28
"269","苏塞塔",810,15,6,1,20,37,17,2,13,4,12,1,4,17
"270","伊图拉斯佩",450,0,0,0,1,0,0,0,1,2,5,0,4,2
"271","德马科斯",540,9,2,1,13,28,10,2,11,48,28,4,39,59
"272","卢比斯",180,4,2,0,3,2,5,0,4,1,1,2,2,8
"273","伊拜·戈麦斯",450,52,14,3,33,36,20,4,12,21,13,1,10,20
"274","卡帕",270,9,2,0,24,12,19,0,16,39,35,2,31,43
"275","伊阿古科尔多瓦",450,23,7,0,31,18,32,4,20,8,18,0,23,36
"277","耶雷",1350,10,3,0,8,1,4,0,24,146,62,14,99,51
"278","I.威廉士",2700,75,33,12,57,30,47,4,52,29,7,1,78,26
"279","伊尼戈",2880,26,4,0,3,5,5,0,55,10,4,0,5,5
"280","伊尼戈",2880,26,4,0,3,2,3,0,55,10,4,0,5,5
"281","伊尼戈",2880,26,4,0,7,5,5,0,55,142,75,14,95,53
"282","K.克德罗",180,4,1,1,5,2,0,0,2,0,0,0,7,3
"283","雅辛.阿德利",360,1,0,0,5,6,6,0,1,1,1,0,2,6
"284","S.帕兰西亚",540,6,1,0,15,19,11,3,26,54,19,3,17,71
"285","J.马贾",22.5,5,2,1,3,1,1,0,2,0,0,0,4,2
"286","卡马奥",1080,81,32,10,56,34,39,1,50,5,16,0,6,30
"287","J.布里安德",225,48,18,7,39,33,9,3,46,25,4,6,49,12
"288","P.卡斯特洛",270,11,2,1,5,5,5,1,12,173,29,22,71,27
"289","托马.巴希奇",360,20,7,2,16,21,12,0,21,21,10,1,29,26
"290","勒瓦祖克",90,0,0,0,0,0,0,0,0,24,4,2,12,14
"291","萨巴利",630,12,3,0,32,19,19,1,30,37,26,2,17,44
"293","宰德尤素福",360,6,3,0,14,3,8,0,12,0,4,1,6,7
"294","桑托斯",630,21,4,0,27,9,14,1,23,49,37,10,23,122
"295","桑哈尔",450,17,3,1,19,18,28,3,35,4,9,0,21,25
"296","约万诺维奇",270,1,1,0,0,1,5,0,14,94,34,11,40,25
"297","普雷维尔",630,31,10,3,27,23,17,2,33,19,10,1,25,26
"298","普拉西尔",67.5,13,2,0,8,11,8,1,24,26,15,5,26,30
"299","庞杰",405,9,1,0,10,28,16,1,20,61,28,4,42,50
"300","科内利尤斯",270,21,8,3,17,8,4,1,16,17,1,0,68,4
"302","B.吉布森",1350,1,1,1,0,0,0,0,0,2,0,1,2,1
"303","列农",450,4,2,1,11,7,6,1,16,12,8,0,2,28
"304","古德蒙森",900,32,9,3,29,35,17,6,22,32,32,4,29,27
"305","塔科夫斯基",1350,22,10,3,8,5,7,1,31,235,40,55,168,70
"306","布拉迪",900,12,2,0,10,14,7,1,4,14,8,1,11,15
"307","A.韦斯特伍德",360,22,7,2,17,41,8,7,22,41,45,9,19,62
"308","查理.泰勒",450,6,0,0,17,11,38,1,48,88,34,34,73,54
"309","克劳奇",90,5,1,0,0,0,0,0,0,2,0,0,18,1
"310","凯文.隆",225,1,0,0,1,1,1,1,5,37,6,5,20,17
"311","亨德里克",900,19,5,2,25,12,12,0,13,25,12,5,17,25
"312","维德拉",900,5,2,1,8,2,3,1,1,6,1,1,5,1
"313","伍德",1620,58,23,10,47,21,8,2,24,27,3,4,132,11
"314","A.巴恩斯",720,65,30,12,39,22,6,2,65,23,2,8,128,26
"316","巴德斯利",135,12,1,0,6,7,4,0,11,64,27,12,33,31
"317","沃德",270,1,1,0,0,1,2,0,3,13,3,1,5,4
"318","洛顿",450,4,1,0,11,9,9,0,12,73,25,7,25,55
"319","B.米尔",900,21,4,0,5,8,6,2,19,237,42,51,149,54
"320","德福尔",630,0,0,0,1,2,1,0,2,6,7,3,0,6
"321","科克",1350,18,2,1,35,19,26,2,37,80,27,16,51,50
"323","克莱恩",1350,5,1,0,11,4,4,1,5,29,19,3,7,37
"324","赖慕斯",360,11,6,1,3,4,7,0,5,2,1,0,8,3
"325","迪克斯",135,9,4,1,23,15,33,0,36,44,22,1,46,28
"327","波利",360,31,10,4,22,14,10,1,32,10,36,5,8,63
"328","弗萨尼利",342,15,3,0,31,5,8,1,20,3,1,1,18,8
"329","克雷西",315,9,4,0,7,16,3,2,10,11,7,2,6,16
"330","E.普尔加",900,34,10,6,19,59,12,2,33,50,49,6,45,65
"331","西蒙娜埃德拉",135,8,3,0,6,4,5,0,2,0,1,0,2,4
"332","亚当纳吉",252,6,2,0,7,9,4,0,8,10,27,5,5,28
"333","桑坦德",540,73,25,8,27,34,3,3,38,31,9,2,162,17
"334","M.费德里科",225,11,5,1,10,20,11,1,12,38,19,2,17,33
"335","当萨",900,2,0,0,0,1,5,0,1,7,0,2,1,3
"336","迪泽马利",225,44,7,1,19,17,26,1,55,10,15,1,20,43
"337","里卡尔多",1350,65,30,8,25,19,31,5,53,19,16,3,45,39
"338","姆巴耶",297,13,3,2,12,5,4,0,23,54,20,10,37,49
"339","杰利斯塔西尔韦拉内维斯",360,8,2,1,5,3,10,0,4,62,26,17,28,29
"340","胡安.曼努埃尔",36,1,0,0,1,0,0,0,0,0,1,0,0,0
"341","帕拉西奥",63,45,20,3,60,39,43,6,65,14,6,0,39,24
"342","达尼洛",72,9,5,1,1,9,3,0,17,177,38,39,103,41
"343","赫兰德",180,10,1,0,5,2,4,0,6,75,15,15,51,42
"344","帕斯",63,0,0,0,0,0,1,0,0,2,0,1,0,2
"345","史文毕格",225,21,2,0,17,15,7,3,32,12,11,5,10,22
"346","圣索内",675,30,12,2,27,19,12,4,27,4,6,0,8,30
"347","阿图罗",63,1,1,1,8,10,9,0,11,57,34,3,16,45
"348","德斯特罗",360,10,5,4,9,3,0,1,10,6,0,0,19,3
"349","索里亚诺",630,35,7,2,31,35,27,4,27,12,7,2,32,34
"350","Y.比斯苏马",1350,31,3,0,30,13,49,0,25,25,31,5,25,61
"351","卡亚尔",135,5,2,1,10,4,11,1,7,22,16,10,16,30
"353","S.马奇",450,43,9,1,43,41,50,5,30,24,27,4,15,57
"354","默里",270,54,21,13,35,12,7,1,53,16,2,3,170,19
"355","邓克",900,20,4,2,3,10,0,1,14,188,49,38,118,41
"356","贾汉巴什",1620,21,6,0,20,5,13,0,8,3,11,0,10,34
"357","F.弗罗林",540,19,8,3,34,2,9,0,20,12,3,1,37,9
"358","费尔南德斯",810,8,3,0,10,10,14,1,22,62,33,14,45,63
"359","巴洛贡",180,1,1,1,2,0,1,0,2,33,15,3,14,12
"360","洛卡迪亚",1350,28,10,2,14,13,5,0,11,8,9,0,21,13
"361","格罗斯",900,24,9,3,19,54,5,3,13,21,15,8,17,26
"362","史蒂芬斯",540,12,1,1,15,18,7,1,10,46,49,12,26,86
"363","G.博格",135,2,0,0,16,9,8,0,4,46,23,5,23,16
"364","伊兹奎埃多",1260,14,3,0,13,6,13,1,5,7,4,1,3,15
"366","D.布洛佩尔",1350,15,2,1,28,20,31,1,18,35,51,6,38,50
"367","萨尔托",67.5,2,0,0,2,6,4,1,9,26,10,2,10,24
"368","杜菲",1080,37,16,5,3,7,5,1,10,241,36,47,185,35
"369","蒙托亚",720,8,1,0,10,18,14,1,15,60,49,10,24,55
"370","科诺凯特",720,26,9,2,31,35,33,6,19,6,27,0,17,34
"371","安萨尔迪",450,39,11,3,32,35,51,2,32,23,16,4,4,49
"372","鲁基克",135,9,4,2,17,12,8,0,13,10,11,4,8,20
"374","莫雷蒂",27,1,0,0,4,2,2,0,23,57,23,6,39,29
"375","安德烈.贝罗蒂",3150,125,46,15,78,34,34,3,111,22,15,5,144,33
"376","巴斯利",900,40,10,4,31,42,21,1,37,25,31,6,27,62
"377","A.贝伦古尔",450,21,7,2,53,37,35,3,33,9,8,1,17,30
"379","比勒姆文",180,1,0,0,0,1,1,0,4,8,8,1,9,3
"380","索尤海尔奥",900,30,11,2,48,32,50,4,52,21,30,6,83,45
"381","维托里奥",99,8,4,0,10,8,8,0,16,4,2,0,7,11
"382","扎扎",1530,56,28,4,27,15,2,3,27,9,4,1,55,21
"383","吉吉",450,2,1,0,7,0,15,0,3,59,23,19,23,38
"384","恩库卢",900,7,3,2,10,4,6,0,27,168,68,28,85,45
"385","雅戈",1170,56,20,6,35,50,18,4,19,3,2,0,5,15
"386","林孔",720,32,8,3,33,28,26,1,39,64,36,5,83,76
"387","西尔维斯特里",360,29,9,2,21,29,5,4,20,65,19,3,77,16
"388","O.艾纳",900,23,5,1,25,24,28,3,38,36,39,3,41,52
"389","伊佐",765,26,8,4,9,11,9,1,60,145,84,24,119,76
"390","O.芬克",22.5,12,3,3,21,7,10,0,19,19,13,3,70,38
"391","A·巴尔库克",180,5,0,0,8,3,7,0,0,3,5,1,12,12
"392","K.斯托格",180,33,10,1,24,54,27,7,60,18,32,5,4,62
"393","齐默曼",90,15,5,1,15,21,18,3,30,76,68,18,39,94
"394","卡拉曼",135,22,9,3,15,14,16,1,14,7,2,1,27,14
"395","霍夫曼",135,5,1,0,2,1,0,0,3,40,22,12,23,22
"396","亨宁斯",135,59,22,7,12,28,3,4,22,18,4,1,51,14
"397","马卡明斯基",225,8,1,0,1,7,1,1,8,103,48,11,49,18
"398","吉塞尔曼",135,26,7,0,9,26,12,3,35,62,37,6,52,59
"399","博尔穆斯",90,0,0,0,1,1,1,0,3,46,10,4,13,8
"400","大禾洛夫云",67.5,1,1,0,1,0,0,0,1,0,0,0,1,1
"401","马塞尔.索博特卡",225,6,2,0,8,2,2,0,13,14,26,5,21,34
"402","苏特纳",180,4,1,1,4,9,0,1,1,11,9,3,7,10
"403","K阿耶汉",270,23,9,4,6,6,12,1,16,114,63,15,43,57
"404","J.森马",113,10,3,1,12,34,7,2,24,24,14,2,4,17
"405","莫拉雷斯",90,19,9,1,15,8,3,1,15,29,24,9,85,31
"406","大衛.克納奇",630,11,4,4,8,5,5,0,9,8,3,0,14,11
"407","D.鲁克",270,56,31,10,50,20,47,3,50,16,8,0,22,24
"410","博德泽克",36,2,0,0,6,9,1,1,41,41,28,6,37,44
"411","拉曼",1080,55,26,10,26,21,35,4,18,7,14,2,5,34
"412","杜迪亚洛",3150,10,4,1,16,11,39,1,12,86,29,15,50,38
"413","达霍德",1620,11,2,1,12,8,7,0,7,8,18,0,6,16
"414","托普拉克",630,1,0,0,2,0,1,0,1,7,0,1,2,0
"415","桑乔",7200,40,22,12,61,61,107,13,38,5,14,1,1,22
"416","罗伊斯",4500,70,34,17,39,39,25,8,31,30,9,1,18,35
"417","雅各伯.拉森",1800,26,9,2,20,18,15,2,8,12,13,1,14,14
"418","阿尔卡塞尔",3600,52,28,18,13,15,6,0,7,7,6,0,11,3
"419","魏格尔",1980,2,0,1,5,2,5,0,16,53,19,10,18,31
"420","施梅尔策",450,3,0,0,5,3,4,1,12,12,10,1,10,9
"421","阿什拉夫",2700,20,5,2,27,12,38,4,35,39,29,4,15,34
"422","德莱尼",2430,33,10,3,14,15,10,5,25,43,58,9,59,66
"423","M.菲利普",1350,13,3,1,14,5,5,1,15,5,3,0,14,5
"424","格策",1620,28,16,7,40,42,28,7,26,4,9,0,8,27
"425","维特塞尔",3600,36,11,4,25,16,22,1,50,47,46,6,46,45
"427","克里斯蒂安.普里希奇",5400,27,10,4,41,20,43,4,27,9,6,2,15,10
"428","皮什切克",360,12,4,1,8,21,9,6,10,59,42,3,61,56
"430","扎加杜",2700,10,3,2,3,2,12,0,4,66,26,11,47,11
"431","M.沃夫",720,7,3,1,13,8,10,0,13,10,13,0,8,13
"432","阿坎吉",3600,7,3,1,7,6,9,0,17,87,29,13,47,30
"433","R.古尔瑞奥",1800,35,14,2,25,38,30,6,21,11,20,1,6,24
"434","L.卡佩齐",108,10,1,0,5,2,6,0,6,6,9,3,8,13
"435","卡普托",360,95,43,16,48,46,10,3,35,11,4,2,24,14
"436","J.拉斯马森",90,3,0,0,1,3,3,1,5,50,10,13,33,18
"437","维塞里",67.5,5,0,0,7,6,4,0,9,89,29,17,13,35
"438","G.洛伦佐",810,21,9,5,45,40,28,3,52,66,37,14,39,68
"439","马耶塔",36,7,2,0,2,4,7,0,4,76,24,14,31,34
"440","特劳雷",1260,44,12,2,49,26,40,2,21,18,28,4,16,67
"441","法里亚斯",297,58,26,7,36,26,16,4,28,8,2,2,6,23
"442","安东内利",553,5,3,0,3,5,5,1,19,20,12,4,11,13
"443","J.拉斯马森",90,3,0,0,1,3,3,1,5,50,10,13,33,18
"444","尤坎",90,12,4,1,7,4,5,1,1,1,6,0,4,10
"446","布里吉",27,1,1,1,4,2,0,0,8,2,3,0,4,11
"447","帕斯夸尔",45,8,1,1,6,21,2,2,10,25,12,0,3,28
"448","伊斯梅尔",270,19,5,0,46,32,61,5,59,29,54,10,34,93
"449","姆切利泽",54,4,1,0,4,3,1,1,2,4,1,0,4,1
"450","拉德",720,54,16,5,37,54,41,7,76,29,24,13,50,39
"451","克里斯丁.戴尔",90,5,1,1,5,4,3,1,11,43,17,7,15,16
"453","安东尼奥",450,27,9,2,13,6,16,2,21,5,6,2,16,6
"454","马尔科帕亚茨",54,9,4,2,13,10,9,2,9,18,8,1,2,8
"455","长谷部诚",90,2,1,0,6,7,5,0,30,97,39,21,31,51
"456","费尔南德斯",135,4,3,1,13,4,4,0,6,16,53,8,36,74
"457","希特雷格",900,28,6,3,10,9,7,0,24,112,38,21,104,80
"458","西蒙法尼迪",315,3,1,0,4,0,0,0,4,31,14,5,20,10
"459","鲁斯",90,1,0,0,3,1,0,0,1,8,4,2,16,7
"460","罗德",270,4,2,0,6,18,11,0,10,13,19,0,17,33
"461","O.尼迪斯卡",1980,13,2,1,12,4,4,1,7,104,31,10,71,43
"462","达科斯塔",1080,21,7,2,24,32,29,4,20,54,27,9,55,63
"463","塔利布",135,0,0,0,1,0,1,0,2,1,0,0,2,1
"464","威廉姆斯",585,5,1,0,17,20,9,1,8,10,11,4,10,20
"465","托罗",450,5,1,0,5,2,1,0,7,13,14,1,40,14
"466","德古兹曼",270,22,7,3,19,37,13,6,17,12,12,2,23,33
"467","图雷",720,2,0,0,1,1,11,0,1,26,10,1,16,17
"468","M.卡西诺威克",810,21,1,0,20,19,28,1,41,6,23,1,11,31
"470","S.哈勒",3600,53,25,15,48,39,25,9,42,23,11,1,199,24
"472","F.可斯特",1350,60,18,6,48,46,53,10,39,36,23,6,44,63
"473","阿布拉汉姆",315,5,1,0,3,5,6,0,9,61,27,12,41,22
"474","斯滕德拉",180,0,0,0,0,1,0,0,0,0,0,1,0,5
"475","雷比奇",3150,61,28,9,76,33,46,4,21,3,8,1,37,18
"476","帕西恩西亚",270,19,7,3,12,4,6,1,10,1,0,1,18,3
"477","钱德勒",450,0,0,0,0,1,0,0,0,0,0,0,1,0
"478","凯文.施罗特贝克",90,2,1,0,1,0,6,0,5,25,15,11,11,22
"479","蒂姆",180,5,1,0,2,1,3,0,1,7,0,0,7,4
"480","古尔德",225,6,2,1,1,3,1,0,20,86,25,13,31,25
"481","R.科克",630,11,2,1,14,5,6,0,18,75,32,19,67,25
"482","J.哈贝尔略",450,26,4,1,44,46,22,3,46,52,39,4,54,70
"483","彼得森",1080,49,23,10,28,20,5,3,19,32,14,1,92,29
"485","杰罗姆",135,23,7,2,17,21,7,2,25,21,17,4,20,32
"487","菲利普林哈特",225,3,0,0,2,2,5,0,5,37,11,7,16,6
"488","赫里尔",360,12,4,0,14,12,12,0,23,38,30,3,23,47
"489","格里弗",540,57,17,7,29,46,30,5,19,16,4,2,5,33
"490","弗兰茨",135,19,10,2,16,16,7,1,35,29,21,4,46,37
"491","D.海因茨",585,10,4,1,10,9,22,1,11,208,48,22,60,45
"492","卢卡",360,64,30,9,25,22,20,1,26,5,15,3,12,20
"493","尼德莱赫纳",405,30,17,4,15,10,8,1,19,10,6,4,16,7
"494","特拉齐诺",225,11,5,1,13,9,8,0,9,2,3,2,2,7
"495","卢卡士.浩勒",180,26,11,4,23,9,7,0,27,14,3,1,16,19
"496","库布勒",135,6,2,0,3,7,6,2,21,42,32,5,27,34
"497","曼罗兰撒来",180,14,6,2,8,5,5,0,19,7,3,0,13,12
"498","阿布拉西",180,7,2,0,7,2,3,0,16,15,20,3,5,20
"499","冈特",450,29,8,0,22,48,39,5,25,37,18,7,10,38
"500","L.瓦尔赞尼亚",126,21,7,2,6,11,8,1,17,7,18,0,13,28
"501","Y.捷巴沙",135,31,8,1,48,19,51,0,30,26,31,8,19,47
"502","维维亚尼",270,4,0,0,4,3,3,0,5,2,8,3,4,6
"503","梅尔罗",144,10,2,0,20,20,19,0,39,34,30,11,13,37
"504","阿里澳多",90,6,2,0,1,4,3,0,20,98,16,20,51,18
"505","保罗吉利奥尼",117,8,3,1,5,6,2,0,1,18,4,0,2,8
"506","基亚诺",252,75,23,7,63,57,16,4,88,15,7,4,22,32
"507","托罗塔",315,7,3,0,6,3,1,0,3,2,3,1,4,7
"508","卡普亚诺",90,7,0,0,6,6,2,0,11,98,34,30,60,55
"510","施奥化尼",81,53,20,5,14,15,2,2,19,9,3,0,109,8
"511","沙拉莫恩",90,11,2,0,0,1,2,0,8,140,28,18,43,16
"513","卢卡.帕加尼尼",117,28,5,2,17,9,4,0,35,13,19,4,37,27
"514","克拉因茨",135,3,1,0,0,1,3,0,4,36,10,3,22,10
"515","弗朗西斯.科卡萨特",315,13,3,2,13,8,15,2,20,11,6,1,8,20
"516","莫利纳罗",27,1,0,0,3,14,7,0,21,36,15,4,19,15
"517","布里希迪",90,3,1,0,2,2,1,0,18,35,29,7,16,25
"518","爱德华多戈尔达",270,12,2,1,7,7,6,1,36,113,57,16,66,43
"519","迪奥尼西",171,11,3,1,8,6,1,0,8,0,0,0,3,3
"520","A.皮纳蒙蒂",900,59,16,5,29,15,15,3,30,16,5,3,57,14
"521","安德列贝格托",81,22,3,0,11,54,7,3,15,41,18,4,6,25
"522","米尔科.戈里",162,4,3,0,3,3,2,0,1,8,4,0,3,17
"523","赞帕诺",162,15,4,0,17,14,10,1,24,33,13,4,13,36
"524","萨姆马科",27,6,1,1,5,6,6,0,7,1,3,0,7,15
"525","劳里尼",180,2,1,0,9,7,11,0,21,26,12,5,20,14
"526","米拉拉斯",630,31,9,2,15,27,13,1,25,6,4,0,9,17
"528","帕亚茨",1350,19,7,1,12,16,11,1,16,5,6,0,11,9
"529","尼古拉",2250,29,12,3,8,4,10,0,19,138,51,22,109,58
"530","L.穆里尔",1170,46,16,6,29,20,30,0,15,1,3,0,15,19
"531","马克.本何萨",1350,59,21,7,14,32,16,1,21,26,9,3,16,30
"532","费代里科.基耶萨",4500,131,41,6,67,54,75,3,58,6,11,1,14,43
"533","D.弗拉霍维奇",90,10,1,0,5,3,1,0,2,4,0,0,3,0
"534","西蒙尼",2250,66,27,6,60,30,25,3,57,13,4,2,40,42
"535","比拉吉",675,33,6,1,11,62,15,4,26,91,42,17,40,52
"536","大卫.汉考克",180,2,0,0,2,3,0,0,2,10,3,1,8,8
"537","维多利亚修格",675,16,1,0,3,7,2,2,17,134,74,14,76,62
"538","尼古拉",2250,29,12,3,8,4,10,0,19,138,51,22,109,58
"539","B.达博",405,9,4,1,7,11,5,1,20,18,11,6,28,10
"540","切凯里尼",252,1,1,0,2,3,6,0,20,39,20,8,32,13
"541","佩泽拉",1620,26,6,2,10,6,4,1,27,152,57,30,120,58
"542","钱伯斯",1260,35,11,2,27,16,20,0,4,105,69,10,62,69
"543","马库斯",270,27,7,1,51,16,23,2,49,6,24,0,67,41
"544","布罗佐维奇",3600,25,6,2,26,53,22,1,28,28,46,7,23,105
"545","安布罗西奥",1080,16,5,2,17,34,12,5,37,31,26,8,25,69
"546","德弗里",3600,18,6,2,2,6,4,0,10,95,25,23,53,25
"547","D.恩里克",1080,6,0,0,7,10,3,1,17,11,7,3,24,34
"548","坎德雷瓦",1260,20,6,1,8,9,5,0,9,5,3,0,1,1
"549","C.苏亚雷斯",1350,4,1,0,1,6,0,1,3,2,2,1,4,8
"550","波利坦奴",2700,79,23,5,32,65,43,6,44,7,13,0,7,18
"552","巴雷罗",360,12,1,0,5,20,4,1,21,17,14,0,3,19
"553","斯克里尼亚尔",4500,15,3,0,7,8,10,1,27,135,26,29,71,64
"554","伊卡尔迪",8550,74,30,11,20,35,9,4,18,20,2,1,44,9
"555","加格里亚迪尼",1620,22,9,5,10,14,5,0,17,18,17,3,37,20
"556","米兰达",315,3,1,0,1,2,0,0,9,44,14,7,24,10
"557","B.凯塔",2700,30,17,5,17,22,19,2,24,1,2,0,5,10
"558","佩里西奇",4050,99,30,8,20,58,19,3,11,47,22,4,63,34
"559","L.马丁内兹",2700,64,20,6,31,19,13,2,41,7,3,0,33,6
"560","福萨里科",2250,2,1,0,4,16,2,2,10,22,11,1,12,21
"561","贝西诺",2070,44,16,3,15,20,12,1,29,21,15,9,53,49
"562","纳英戈兰",3600,71,18,6,45,41,24,3,26,3,8,1,16,35
"563","拉诺基亚",450,2,1,0,0,0,0,0,0,2,0,0,5,2
"564","J.马里奥",1800,16,3,1,19,18,22,2,22,2,5,0,5,28
"565","阿萨莫阿",1260,9,1,0,23,32,39,1,69,38,38,4,21,44
"566","巴泽",113,5,0,0,2,0,2,0,2,3,1,0,0,0
"567","贝尔纳多",540,18,7,1,3,9,3,1,6,190,46,31,126,18
"568","P.邦斯",360,19,7,1,38,17,28,2,49,33,42,10,51,84
"569","爱默生·索萨",4.5,3,1,0,1,4,0,0,13,8,7,0,3,8
"570","詹米",720,40,20,5,39,10,13,2,27,9,15,0,18,21
"571","弗兰西斯",225,10,3,0,21,14,15,1,39,35,24,1,8,49
"572","A.曼迪",810,6,3,1,5,16,7,1,22,68,42,23,53,53
"573","Z.费迪拿",270,16,4,1,6,7,16,1,9,88,34,8,69,39
"575","W·卡普托温",27,3,1,0,8,2,17,0,12,6,9,1,6,13
"576","华金",45,23,12,6,28,45,48,0,32,28,16,2,15,10
"577","卡纳莱斯",450,66,25,7,55,55,51,2,50,4,11,3,6,43
"578","哈维-加西亚",360,0,0,0,4,0,2,0,5,27,5,1,16,4
"579","巴拉甘",225,2,0,0,4,9,3,0,9,23,7,4,10,14
"580","西德内",360,8,2,1,8,2,12,0,17,48,41,8,31,49
"581","W.卡华浩",1800,10,2,0,39,19,40,5,35,29,13,0,39,42
"582","菲尔波",1350,18,7,3,16,20,25,4,26,33,25,2,35,37
"583","特略",540,36,18,4,15,28,33,6,12,10,17,0,4,32
"584","瓜尔达多",450,26,5,0,27,31,20,4,38,23,30,1,15,24
"585","赫塞",450,20,11,2,12,7,12,0,4,0,1,0,3,8
"586","洛.塞尔索",4500,64,29,9,56,27,63,4,67,7,17,1,18,54
"587","加西亚. 洛伦佐",1350,59,28,6,42,11,14,0,46,17,7,1,23,15
"588","马克巴尔特拉",1575,10,4,1,14,4,13,0,39,131,61,21,75,88
"589","瓦拉内",7200,19,4,2,7,4,4,0,12,140,31,9,90,36
"590","伊斯科",5400,25,7,3,30,24,28,2,26,3,5,1,5,26
"591","马塞洛",3150,35,12,2,14,33,33,2,20,15,17,2,7,33
"592","卡瓦哈尔",5400,11,4,1,18,30,33,2,34,29,29,7,21,42
"594","纳乔",2700,5,0,0,6,6,9,1,12,60,34,7,31,27
"595","B.迪亚兹",1530,7,5,1,8,7,17,1,14,0,0,0,0,10
"596","卢卡斯",2250,24,11,1,37,30,34,3,38,6,12,1,8,41
"597","本泽马",3600,104,46,21,49,48,43,6,22,24,8,1,40,25
"598","S.拉莫斯",2700,31,13,6,4,8,3,1,35,89,42,14,65,41
"599","贝尔",6300,76,32,8,21,17,22,3,22,11,11,2,35,14
"601","克罗斯",7200,30,9,0,13,62,12,4,55,13,16,4,22,53
"602","阿森西奥",7200,45,17,1,14,31,37,4,21,4,14,1,5,12
"603","雷吉隆",1350,6,0,0,6,17,10,2,26,29,21,4,11,22
"604","阿尔瓦罗·奥德里奥佐拉",2700,1,1,0,9,18,7,2,19,12,10,1,1,29
"605","J.瓦雷乔",900,1,1,1,1,0,0,0,2,12,7,4,3,6
"606","维尼修斯",6300,42,17,2,24,15,41,0,20,0,6,1,1,8
"607","塞巴洛斯",1800,22,5,3,30,24,15,0,40,4,13,1,9,32
"608","马里亚诺",1800,23,8,3,3,5,1,0,4,2,0,0,11,2
"609","莫德里奇",2250,37,12,3,45,54,54,6,46,6,32,3,11,49
"610","卡塞米罗",5400,40,8,3,17,14,16,0,49,52,37,12,89,86
"611","费德里科.瓦弗代",1800,7,1,0,3,9,13,0,2,10,21,2,9,11
"612","马丁.梅尔兰茨",90,0,0,0,0,0,0,0,0,0,0,0,0,0
"613","帕尔多",135,21,4,1,11,35,8,2,10,7,20,6,10,11
"614","奥亚尔萨瓦尔",3150,66,28,13,76,45,47,2,38,22,16,3,46,34
"615","R.诺曼德",360,2,0,0,0,2,1,1,2,12,5,0,8,6
"616","艾路斯度",450,10,5,1,4,9,17,0,28,138,42,7,66,47
"618","索郎姆杜萨",270,10,2,2,28,11,5,0,36,22,26,4,41,28
"619","伊利亚拉门迪",1800,14,4,1,15,11,6,1,35,42,32,9,28,43
"620","凯文.罗德里格斯",27,2,1,0,7,5,8,0,6,12,8,3,7,20
"621","卢卡.桑加利",90,11,5,1,21,9,16,3,17,3,5,1,9,20
"622","伊戈尔.祖比迪亚",450,15,4,0,31,8,29,1,12,49,48,6,57,62
"623","H.莫雷诺",360,6,1,1,3,4,2,0,13,72,30,19,37,16
"624","M.梅里诺",1080,23,10,3,49,14,26,3,37,34,28,2,83,51
"625","贾努扎伊",1350,32,6,1,51,30,64,3,35,4,5,0,3,11
"626","A.穆古魯扎",900,5,1,1,7,7,18,0,4,1,4,0,2,7
"627","劳尔.纳瓦斯",270,5,0,0,0,6,3,0,13,60,21,9,30,24
"628","克里斯蒂安.波尔图",900,37,19,9,64,33,34,2,42,1,9,1,26,33
"629","特奥",1350,24,5,1,28,18,41,2,70,35,35,5,21,53
"630","利奥斯",1575,6,1,0,2,2,0,0,13,79,27,15,57,26
"631","威廉若泽",2250,55,26,11,56,37,19,5,31,27,1,5,41,4
"633","格罗萨贝尔",90,2,0,0,4,5,3,0,5,16,7,1,7,16
"634","萨尔杜亚",360,5,2,1,10,14,18,2,64,65,37,3,48,38
"635","胡布内尔",720,8,3,0,1,0,1,0,10,31,23,7,25,27
"636","K.沃格特",1080,4,1,0,3,6,3,0,11,100,33,11,37,24
"638","阿尔冯斯.阿迈德",18,0,0,0,0,0,0,0,0,0,1,0,0,0
"639","B.约书亚",450,10,7,2,9,9,12,1,4,17,9,1,9,18
"640","卡德拉贝克",990,28,12,3,12,42,7,4,18,62,39,9,53,31
"641","舒尔茨",900,30,8,1,23,60,51,5,22,29,26,4,9,33
"642","克拉马里奇",3150,111,45,17,49,48,28,4,19,11,12,3,10,9
"643","扎莱",270,63,19,6,24,27,9,3,24,8,4,1,45,20
"644","N.阿米利",1530,18,7,3,15,16,21,1,14,4,8,0,4,14
"645","戴维奥托",54,0,0,0,1,2,0,0,0,0,0,0,0,1
"646","鲁普",405,0,0,0,1,1,0,0,0,0,0,0,0,1
"647","P.沙托斯",225,6,2,0,5,1,1,0,11,52,19,10,40,39
"648","比滕库特",630,22,9,1,14,22,10,3,30,6,13,1,7,35
"649","若埃林顿",225,56,24,7,61,42,43,5,27,7,13,3,62,37
"650","贝尔弗迪尔",495,87,36,16,28,31,39,3,15,12,3,0,48,12
"651",".德米拉亚克",1080,58,17,4,52,80,53,9,34,20,22,9,15,57
"652","比卡克西奇",180,9,4,1,8,5,0,2,16,78,61,15,57,32
"653","克里斯托夫.鲍姆加特纳",31.5,2,0,0,1,0,5,0,3,0,0,0,1,1
"654","卡西姆",765,1,0,0,4,0,1,0,1,18,10,3,16,7
"655","蓋革",450,4,2,0,1,7,1,1,4,1,4,0,2,2
"656","弗洛里安",1350,32,10,0,11,27,22,3,45,52,68,8,47,75
"657","亚历山大",720,7,1,1,13,4,9,0,43,177,77,30,93,50
"658","亚菲拉德斯",108,14,2,0,12,4,2,1,7,13,17,4,10,18
"659","巴达历",450,14,0,0,11,9,0,2,9,45,34,3,22,25
"660","比沙卡尼",63,8,1,1,7,6,2,1,17,103,23,23,47,34
"662","比尔萨",270,27,6,2,31,32,13,2,15,16,9,1,9,19
"663","约尼塔",315,36,11,3,40,17,16,1,12,29,27,5,89,68
"664","佩德罗",450,61,19,7,42,34,18,2,53,13,6,6,68,19
"665","L.佩莱格里尼",450,2,0,0,12,11,11,2,10,18,21,3,12,29
"666","菲利波·罗马涅",630,4,1,0,0,0,0,0,14,68,18,12,33,15
"667","特雷欧",90,3,0,0,6,0,2,0,1,3,0,0,7,1
"668","C.萊戈那斯",180,7,2,0,5,8,4,1,1,24,20,3,11,14
"669","L.卡斯度",630,9,2,1,19,15,7,3,10,6,14,4,11,16
"670","帕多因",45,3,2,0,8,14,8,2,22,47,14,5,15,36
"671","D.基里尔",180,0,0,0,1,0,1,0,1,0,0,0,1,0
"672","尼尔奥",3240,54,12,1,61,44,39,3,81,21,37,2,22,96
"673","法拉戈",540,20,12,1,21,20,11,1,22,34,16,2,48,45
"674","卡西亚托雷",72,4,2,0,1,16,3,2,6,29,11,6,13,17
"675","西加里尼",135,19,2,0,13,31,10,2,18,38,26,5,15,54
"676","帕沃雷蒂",810,85,34,16,34,24,7,1,34,25,10,3,234,31
"677","斯普皮特利",180,16,5,1,3,2,3,1,14,110,20,25,59,40
"678","克拉万",315,2,0,0,5,1,1,0,4,68,8,13,36,8
"679","阿尔贝托",675,21,4,0,11,7,3,0,9,3,2,1,41,3
"680","阿切尔比",900,18,7,3,8,10,9,1,41,163,64,32,95,39
"681","佩德罗内托",270,1,0,0,3,1,0,0,2,0,0,0,0,0
"683","亚当玛尔西科",900,16,6,1,21,22,21,1,18,25,23,4,31,32
"684","布鲁诺.若当",90,1,0,0,3,1,5,0,0,2,0,0,4,4
"685","乔丹.卢卡库",630,0,0,0,1,1,4,0,1,1,5,0,2,4
"686","帕罗洛",450,58,16,4,21,31,3,3,15,44,28,11,64,68
"687","F.凯塞多",225,42,15,8,23,18,16,2,23,6,4,2,26,16
"688","桑托斯",675,10,2,0,2,3,2,0,10,54,30,7,27,17
"689","拉杜",540,9,0,0,13,9,7,1,23,76,41,14,36,44
"691","D.里扎",450,4,2,0,0,10,0,1,4,6,1,0,1,4
"693","阿尔贝托",3150,68,14,4,44,77,23,5,24,7,10,3,16,51
"694","帕特里克",162,15,2,0,5,8,2,0,8,22,12,7,12,19
"695","巴德利",1350,14,4,1,9,10,27,0,15,20,34,9,17,35
"696","因莫比莱",4500,124,50,15,38,55,30,6,39,8,2,1,19,13
"697","貝里沙",810,1,0,0,2,4,1,0,4,3,4,0,0,8
"698","卢利奇",585,27,8,4,30,53,37,1,27,50,46,3,42,72
"699","巴斯图斯",585,11,3,1,4,2,9,0,7,40,6,7,17,22
"700","卡塔尔迪",360,13,4,2,2,12,5,1,3,6,8,0,2,13
"701","L.卢卡斯",900,15,1,0,24,30,8,2,21,40,49,11,40,91
"702","J·科里亚",900,70,30,5,30,55,71,6,41,7,2,3,20,21
"703","谢尔盖.米林科维奇",8100,77,23,5,46,48,34,3,33,45,28,4,111,43
"704","罗穆洛",270,17,6,1,10,37,29,3,27,21,22,5,8,33
"705","L.菲腊比",720,8,2,1,4,4,2,1,12,55,24,15,24,28
"707","辛普森",450,0,0,0,2,1,0,0,0,14,6,3,7,11
"708","卡格拉尔",1620,2,0,0,1,0,2,0,2,21,6,5,16,5
"710","瓦尔迪",1800,79,40,18,19,32,12,4,19,27,5,2,63,16
"711","哈姆萨查奥哈里",90,4,2,0,2,5,2,0,2,11,15,3,5,24
"712","A.丹尼尔",450,4,1,0,4,3,1,0,1,26,14,4,14,18
"713","H.马奎尔",4050,29,13,3,6,11,17,0,16,153,36,18,116,30
"714","盖扎尔",900,19,5,1,19,16,16,0,8,3,7,1,10,15
"715","曼迪",450,2,0,0,17,5,16,0,36,22,27,8,8,34
"716","富克斯",450,2,0,0,2,6,1,0,2,7,4,0,4,5
"717","Y.蒂耶勒曼",3420,30,12,3,14,16,9,4,15,11,4,2,12,17
"718","格里",1800,47,19,4,39,17,43,1,15,13,9,0,10,25
"719","B.施威勒",720,22,10,0,47,45,46,4,44,129,38,7,108,55
"720","埃文斯",1350,10,3,1,4,5,0,0,17,140,34,10,67,24
"721","哈维.巴尼斯",135,40,10,2,14,16,29,2,7,5,3,1,7,11
"722","O.恩杜迪",2250,55,9,2,34,22,33,0,22,79,79,9,131,143
"723","伊希纳乔",1350,18,6,1,20,13,9,3,7,2,2,0,14,7
"724","杰姆斯麦迪逊",1980,83,28,7,37,99,47,7,78,5,13,3,11,50
"725","佩雷拉",1800,25,9,2,37,33,63,6,47,105,61,6,65,115
"726","阿尔布莱顿",900,19,7,2,24,29,19,2,20,23,20,3,13,37
"727","冈崎慎司",360,5,4,0,8,1,2,1,4,1,2,1,7,5
"728","莫甘",270,14,5,3,2,3,1,0,6,108,29,10,88,29
"730","埃里克",180,10,3,2,3,2,1,0,13,67,27,15,39,22
"731","P.洛佩斯",27,2,1,0,1,5,5,1,11,7,8,3,5,5
"732","G.穆雷罗",360,22,7,2,10,22,11,1,17,21,4,4,22,24
"733","奥耶尔",135,0,0,0,1,1,0,0,2,27,1,0,4,1
"734","杜库雷",135,1,1,0,4,0,2,0,6,3,4,2,4,12
"735","切马",180,6,2,2,1,3,2,0,5,80,20,11,28,29
"736","卢纳",180,3,1,0,10,10,8,2,12,36,16,7,14,12
"737","马约拉尔",675,24,15,3,49,20,23,2,33,5,7,1,23,10
"738","苏亚雷斯罗伯托",180,5,1,1,4,7,6,0,10,72,31,18,35,26
"739","S.雷东多",180,7,2,1,1,5,0,1,4,79,21,12,22,26
"740","塞尔吉奥.莱昂",270,13,2,0,15,6,4,1,15,3,2,0,3,4
"741","坎帕纳",450,20,7,3,31,58,45,9,35,42,44,7,43,67
"742","埃尼斯巴尔齐",540,66,18,3,58,30,43,4,47,31,31,3,11,65
"743","摩拉里斯",450,65,33,12,84,43,71,5,50,12,11,1,15,22
"744","M.西蒙",540,14,5,1,20,8,17,1,6,8,9,1,3,15
"745","鲁本.维佐",540,9,3,2,3,6,7,1,15,95,23,20,34,29
"746","罗基纳",135,46,12,4,60,29,64,5,53,16,19,0,25,52
"747","A.东尼奥",135,14,4,1,18,14,32,2,18,27,16,5,8,16
"749","R.马尔蒂",180,70,30,13,18,16,10,0,32,8,4,1,22,10
"750","科克",180,12,6,4,0,0,0,0,31,0,0,0,0,0
"751","罗德里格斯",1350,111,35,13,74,41,31,7,38,39,26,3,77,30
"752","本内特",225,15,4,1,1,9,4,0,10,128,45,22,121,57
"753","W.保利",900,22,5,4,17,11,13,0,14,168,68,33,138,84
"754","奥托",1080,24,7,1,45,31,31,1,34,52,63,7,39,78
"755","摩根.吉布斯",90,7,1,0,14,11,13,1,6,2,2,0,12,6
"756","穆蒂尼奥",900,18,3,1,26,84,13,8,37,39,36,11,21,113
"757","L.登东克尔",1530,17,10,2,8,7,10,0,11,29,21,6,55,57
"758","内维斯",2250,74,16,4,30,24,12,3,18,43,73,18,30,75
"759","阿达玛迪亚拉",1620,18,7,1,46,14,67,0,26,6,6,0,21,15
"760","多赫蒂",225,46,18,4,22,38,21,5,21,82,59,7,139,67
"761","迭戈",1620,58,24,9,48,27,59,5,55,11,14,1,25,25
"763","科阿迪",450,0,0,0,4,2,3,0,10,126,31,25,35,31
"764","鲁本维纳格雷",180,4,3,0,14,6,13,0,8,12,14,2,9,14
"765","R.赛斯",540,11,5,2,2,4,6,0,8,59,27,12,60,39
"767","斯文·本德",1350,14,3,0,3,3,5,0,11,93,52,15,78,39
"768","L·艾拉里欧",1530,42,16,9,22,15,3,3,24,11,1,0,36,14
"769","J.塔赫",3150,12,4,3,12,6,15,1,14,140,47,24,79,43
"770","本德",1350,16,5,1,6,14,10,4,28,23,25,4,36,42
"771","耶德瓦",675,9,3,0,8,3,7,0,8,52,21,2,23,23
"772","保利尼奥",1530,6,0,0,2,2,10,0,1,0,2,0,2,4
"774","贝拉拉比",1350,43,11,5,27,26,19,4,13,6,11,0,1,13
"775","鲍姆加特林格",360,10,0,0,15,10,13,1,19,21,26,6,30,55
"776","阿兰吉斯",1350,23,5,2,27,30,8,7,32,27,26,2,12,47
"777","列昂贝利",3150,56,17,5,43,46,52,1,34,11,15,0,12,15
"778","沃兰",2250,88,46,14,58,43,28,9,51,32,8,2,34,30
"779","布兰特",4050,65,25,7,50,87,54,11,22,8,15,1,28,26
"780","魏泽尔",1080,12,6,1,28,29,27,3,38,41,28,3,22,64
"781","德拉戈维奇",810,4,3,2,1,3,0,0,6,63,25,8,30,17
"782","哈弗茨",5850,86,42,17,70,35,45,3,52,25,16,3,56,30
"784","温德尔",1800,11,6,2,5,16,8,2,13,57,32,13,41,72
"785","科尔",360,16,4,0,11,9,4,2,13,16,17,12,12,41
"786","T.塞巴特乌",630,20,10,3,11,3,1,1,6,4,4,2,19,5
"787","胡诺乌",315,27,15,8,4,10,4,1,23,8,5,0,11,10
"788","伊斯梅拉萨尔",1260,53,22,8,65,38,62,6,98,2,12,2,24,34
"789","格雷尼尔",360,48,14,2,29,54,20,5,25,34,28,4,18,43
"790","杰瑞米格林",720,7,2,0,1,5,5,0,8,28,19,7,13,31
"791","梅克塞尔",360,7,1,0,2,4,11,0,10,120,29,18,58,22
"792","特拉奥雷",540,28,8,0,11,34,24,2,26,75,45,13,37,58
"793","安德雷",900,28,10,3,38,19,19,1,48,49,48,6,146,106
"794","尼昂",1080,65,25,11,30,11,17,4,45,14,8,3,52,16
"795","巴尔",90,0,0,0,1,0,0,0,2,1,2,0,0,3
"796","B.布列治特",1080,47,17,6,26,33,9,5,14,22,29,5,16,61
"797","卡斯蒂略",225,20,6,0,29,24,36,3,21,8,18,0,21,36
"798","索理亚塞度",45,0,0,0,4,1,6,0,7,16,3,1,11,11
"799","拉米",720,16,3,1,12,10,13,0,33,85,39,10,56,66
"800","達米安.達席爾瓦",495,14,3,2,6,4,8,1,24,148,40,38,78,39
"801","尼古拉斯维耶",27,0,0,0,0,0,0,0,0,0,0,0,0,0
"803","J.艾德华",450,21,4,0,12,18,13,3,25,7,11,1,4,27
"804","莫雷尔",22.5,3,0,0,3,3,0,0,9,43,18,14,24,16
"805","S.拉斐尔",810,2,1,0,15,11,11,1,19,23,14,2,18,31
"806","佩普谢赫",630,4,1,0,4,2,5,0,7,1,2,2,2,3
"807","费克尔",5400,91,43,9,45,50,46,7,63,2,8,0,13,49
"809","M.贝莱",1980,89,41,15,44,30,22,4,13,13,3,2,47,12
"810","德佩",4500,110,39,10,69,111,59,10,33,1,10,2,10,12
"811","莱奥.杜波依斯",900,18,6,1,11,25,13,6,15,51,20,10,30,51
"812","图萨特",1800,23,5,0,12,10,9,0,18,23,23,13,35,76
"813","马塞洛",630,25,5,0,5,11,7,1,10,149,57,22,169,46
"814","肯尼",720,8,2,0,8,20,1,3,12,25,17,5,20,29
"815","科尔内",1080,47,22,7,29,24,22,5,18,9,6,0,17,14
"816","马丁.特里",810,36,16,9,15,30,12,0,12,11,4,2,22,24
"817","侯森亚奥",3600,69,22,7,66,45,56,7,53,20,32,6,19,64
"818","特劳雷",1620,66,28,7,37,25,47,2,45,15,15,5,21,33
"819","马查尔",450,5,1,0,4,3,1,0,8,30,26,3,36,26
"820","杰森",720,15,6,2,3,5,9,0,10,118,27,32,57,36
"821","泽克瑟琳娜",900,7,2,1,5,16,10,2,19,35,16,1,9,54
"822","方特",270,13,4,1,15,7,1,0,4,8,1,0,38,24
"823","拉菲尔.莱奥",1080,37,21,8,26,13,8,3,17,9,4,3,27,5
"824","里贝罗",2250,31,4,0,25,60,25,4,65,43,64,11,25,89
"825","小卡什",810,34,11,2,15,12,7,0,28,28,21,2,42,59
"826","J.班巴",1350,66,29,13,85,42,33,3,66,10,36,0,28,28
"827","苏马奥罗",900,6,0,0,6,3,7,1,20,91,21,18,40,15
"828","加布里埃尔·多斯桑托斯",135,9,2,1,2,3,0,0,13,55,20,6,42,17
"829","B.苏马里",450,3,1,1,10,5,7,1,7,5,5,3,6,17
"830","若尼度.马丹维",54,0,0,0,0,1,1,0,2,0,1,0,2,3
"831","蒂亚戈",360,2,1,0,11,8,4,1,14,16,23,5,17,34
"832","雷米",270,33,15,7,14,8,4,2,10,17,2,1,35,2
"833","何塞.冯特",180,34,12,3,5,7,4,1,14,148,40,25,113,27
"834","K.尤苏夫",450,5,0,0,11,16,17,1,27,41,38,3,13,63
"836","N.佩佩",3600,118,62,22,114,69,100,11,108,5,12,1,43,31
"837","皮埃德",225,0,0,0,1,7,2,2,5,11,5,1,8,11
"838","J.戈麦斯",3150,5,1,0,3,7,4,0,9,40,15,5,24,17
"839","法比尼奥",4500,17,4,1,15,16,10,2,30,24,29,6,55,60
"840","凯塔",5400,27,10,2,29,9,23,1,16,11,13,4,8,35
"842","亨德森",3150,16,1,1,7,15,8,3,12,13,32,3,24,46
"843","阿诺德",7200,29,9,1,13,48,14,12,7,63,33,3,8,61
"844","米尔纳",1350,24,8,5,13,44,14,4,26,21,16,5,18,42
"845","马蒂普",2700,8,2,1,2,3,5,0,17,72,31,7,65,37
"846","张伯伦",3150,1,1,0,0,1,1,0,1,0,1,0,0,1
"847","洛夫伦",1800,6,1,1,1,1,0,0,10,52,10,7,53,15
"848","萨拉赫",13500,136,64,22,119,68,74,8,32,4,4,0,11,20
"849","维纳尔杜姆",4500,29,10,3,40,24,28,0,29,23,22,7,30,44
"850","马内",10800,87,42,22,48,45,53,1,64,9,16,4,34,33
"851","拉拉纳",1350,5,2,0,10,9,8,0,11,1,3,1,9,18
"852","安祖.罗伯森尔",5400,16,5,0,23,49,29,11,16,44,31,6,23,79
"853","沙奇里",2250,26,10,6,18,20,5,3,14,6,5,1,3,14
"854","菲尔米诺",7200,75,35,12,61,43,47,6,10,15,5,1,29,31
"855","D.奥里吉",1800,13,6,3,9,3,6,1,5,1,1,0,4,6
"856","范迪克",8100,31,8,4,1,7,9,2,22,199,41,18,178,37
"857","佛罗伦兹",2700,34,9,3,10,42,8,2,24,53,41,5,16,40
"858","里克.卡索",810,0,0,0,5,4,6,1,2,9,13,2,4,10
"860","沙拉维",2700,69,30,11,24,37,41,3,35,5,21,2,22,28
"861","佩莱格里尼",2520,44,14,3,31,59,26,3,32,19,12,2,18,39
"862","策吉兹",2430,38,13,3,21,32,16,7,28,3,11,0,5,7
"863","馬洛拿斯",4050,14,1,1,1,3,2,1,20,118,49,27,67,35
"864","法斯奧",1170,30,15,5,6,6,14,0,15,162,50,33,115,28
"865","J.克鲁伊维特",1350,21,7,1,23,36,23,6,22,8,7,0,8,26
"866","科里齐",675,1,0,0,0,0,0,0,0,0,0,0,0,0
"868","恩松齐",2700,22,3,1,12,24,13,2,15,51,26,24,101,67
"869","胡安",1170,1,1,1,3,1,3,0,8,37,16,12,23,37
"870","桑顿",450,3,1,0,3,14,13,1,11,17,15,7,8,14
"871","萨尼奥洛",315,47,17,4,69,18,39,2,33,6,14,0,13,33
"872","佩罗蒂",1800,16,9,5,10,18,18,0,15,1,4,0,4,13
"873","德罗西",315,5,1,1,1,16,2,1,7,32,25,11,9,17
"874","科拉罗夫",1080,42,15,8,19,59,29,2,39,69,41,15,40,37
"875","帕斯托雷",1800,19,5,3,6,18,13,0,3,5,3,0,3,10
"876","克里斯坦特",2250,43,10,4,33,26,30,3,15,47,25,5,62,65
"877","舒希克",1620,33,14,3,22,16,8,0,19,12,2,2,48,13
"878","马卡诺",360,2,0,0,2,4,3,0,3,37,22,6,26,8
"879","哲科",2250,131,51,9,51,46,34,6,36,34,0,1,132,13
"880","科斯塔",3600,16,10,2,28,9,9,2,15,6,2,0,27,4
"881","维托洛",1800,8,1,0,21,8,27,1,40,3,9,1,7,17
"882","A.科雷亚",3150,32,11,3,64,38,61,2,36,18,20,5,10,37
"883","马科斯略伦特",1800,1,1,0,7,4,8,0,7,11,7,0,2,16
"885","吉梅内斯",6300,15,3,0,3,2,7,0,18,124,44,14,54,28
"886","勒马尔",4500,26,11,2,51,37,44,3,33,4,24,1,9,37
"888","加尔塞斯",270,3,1,1,0,0,0,0,0,0,0,0,0,0
"889","萨维奇",3600,7,0,0,0,3,1,2,6,65,21,10,34,12
"890","胡安弗兰",315,0,0,0,12,20,11,2,11,27,21,5,14,39
"891","萨乌尔",8100,51,20,4,33,15,35,1,25,74,44,10,93,83
"892","托马斯·帕尔特伊",4500,36,7,3,21,20,34,4,22,20,51,5,39,64
"893","莫拉塔",4500,30,13,6,21,5,20,1,19,13,4,0,60,20
"894","阿里亚斯",1620,9,1,1,10,14,9,1,32,37,36,2,43,49
"895","格列兹曼",11700,113,47,15,50,73,19,8,35,20,14,1,39,29
"896","卡利尼奇",1260,9,5,2,5,3,0,0,9,2,2,0,16,6
"897","科克",6300,21,6,3,39,62,12,5,37,30,30,4,14,83
"898","萨尔",720,19,2,1,31,28,52,1,32,46,43,3,35,64
"899","卡莱塔",1350,9,4,0,1,1,0,0,5,81,19,9,68,24
"900","洛佩兹",720,10,4,1,11,33,9,2,10,5,16,2,6,38
"901","拉米",630,14,2,1,2,6,4,1,10,51,19,14,56,14
"902","古斯塔沃",1350,31,7,2,10,8,16,0,40,60,36,12,15,74
"903","吉尔曼",900,53,19,8,16,19,3,2,20,29,6,5,100,33
"904","帕耶特",1980,40,15,4,32,81,16,6,34,4,9,0,7,11
"906","酒井宏树",720,6,3,1,17,26,12,4,25,66,41,10,87,55
"907","佐敦艾马维",1440,23,3,0,22,27,25,2,33,79,47,9,73,74
"908","C.尼吉尔",720,7,5,3,10,9,9,2,2,0,1,0,6,8
"909","斯特罗曼",2520,16,4,1,18,25,9,5,9,30,25,6,41,77
"910","托万",4500,100,35,16,61,47,58,8,48,4,8,1,19,42
"911","胡博坎",45,1,0,0,0,0,0,0,0,5,2,0,4,3
"912","布巴卡尔·卡马拉",900,10,4,1,7,8,12,0,30,91,43,13,63,64
"913","M.桑索内",1980,35,11,5,46,22,33,2,44,5,39,1,24,68
"914","N.拉顿季奇",900,16,2,0,11,4,12,0,3,3,5,0,3,7
"916","萨内",8100,55,23,10,46,40,50,10,14,2,9,2,10,25
"917","孔帕尼",900,5,1,1,0,1,4,0,0,56,14,8,37,15
"918","热苏斯",6300,42,25,7,26,21,23,3,17,3,2,2,16,10
"919","阿奎罗",5850,118,43,21,58,34,46,8,25,3,8,1,17,15
"920","德尔菲",1350,4,3,0,2,3,8,1,7,17,13,0,8,22
"921","斯通斯",4950,5,1,0,4,5,6,0,6,59,15,9,55,16
"922","奥塔门迪",2250,15,3,0,0,2,2,0,3,54,28,4,39,25
"923","伯纳多.席尔瓦",4500,62,22,7,41,71,46,7,24,23,27,3,10,55
"924","斯特林",8100,77,39,17,91,64,79,9,44,4,16,3,13,32
"925","F.费尔南迪尼奥",1080,30,7,1,14,22,18,3,26,72,40,4,75,57
"926","津琴科",1350,7,1,0,6,12,4,3,5,18,22,3,24,34
"927","京多安",3600,43,11,6,16,43,16,3,23,18,29,3,24,19
"928","达尼洛",1800,14,3,1,4,4,7,0,8,17,16,0,18,20
"929","德布劳内",13500,31,12,2,13,35,16,2,15,2,3,1,6,21
"930","大卫-席尔瓦",2700,51,20,6,32,73,32,8,25,12,18,1,20,31
"931","拉波尔特",4500,26,7,3,2,13,2,3,18,97,38,9,76,41
"933","马赫雷斯",5400,54,25,7,27,24,26,4,15,2,9,1,19,14
"934","沃尔克",4500,21,4,1,14,24,20,1,14,51,37,5,44,40
"935","福登",630,14,6,1,5,8,8,0,5,1,3,0,2,7
"936","门迪",3600,7,3,0,12,12,8,5,2,16,10,4,8,16
"937","马夏尔",5400,39,23,10,33,35,28,2,28,10,3,0,17,10
"938","斯莫林",1620,11,2,1,2,2,2,0,8,101,26,25,102,32
"939","马蒂奇",3150,12,3,1,41,13,17,0,20,54,30,18,52,51
"940","拜利",2700,3,1,0,1,0,4,0,5,35,14,4,12,14
"941","安德烈亚斯.佩雷拉",720,8,2,1,15,9,7,1,5,7,11,2,3,9
"942","达米安",900,1,1,0,2,2,1,0,4,20,7,0,3,14
"944","林加德",3600,32,14,4,21,17,16,2,25,6,10,2,5,30
"945","博格巴",8100,105,50,13,91,54,54,9,68,33,18,9,59,46
"946","麦克托米奈",630,15,6,2,8,1,1,0,16,15,14,4,31,10
"947","弗雷德",3150,17,2,1,18,12,9,1,18,7,16,2,3,30
"948","罗霍",1350,6,4,0,0,0,1,0,1,9,5,2,3,5
"949","菲尔-琼斯",1800,5,2,0,3,3,3,1,10,60,22,11,43,21
"950","拉什福德",7200,84,40,10,49,38,40,6,52,25,4,0,29,25
"951","马塔",2250,19,6,3,20,28,10,2,9,6,7,1,2,9
"952","达洛特",1350,15,0,0,4,17,11,2,2,29,8,2,20,23
"953","连德罗夫",3150,8,1,1,3,5,8,1,15,118,24,12,70,38
"954","卢克肖",2250,21,7,1,16,33,25,4,17,78,22,12,47,55
"955","阿什利-扬",630,12,3,2,20,39,16,2,32,57,53,10,22,52
"956","桑切斯",3150,16,8,1,26,21,14,3,18,1,9,0,7,18
"957","卢卡库",7650,55,32,12,48,21,18,0,3,18,2,1,91,9
"958","萊安德羅.巴雷羅",0,1,0,0,0,1,3,0,0,1,2,0,2,5
"959","J.P.马泰塔",675,96,34,14,62,31,35,2,30,22,4,2,108,13
"960","拉萨",405,39,7,0,24,23,15,3,40,28,21,10,33,39
"961","K.奥尼西沃",45,39,17,7,19,21,14,3,33,8,8,3,45,22
"962","巴斯曼",45,0,0,0,0,0,0,0,1,2,1,0,6,3
"963","库埃森",315,50,17,7,62,22,22,3,21,4,7,1,24,20
"964","G.奥尔特曼",135,2,0,0,2,2,4,0,1,1,4,1,2,4
"965","多纳蒂",315,2,0,0,3,6,6,0,6,21,19,3,7,9
"966","厄兹图纳利",495,16,7,0,15,6,15,1,2,7,8,2,7,15
"967","穆萨尼亚格",540,10,3,1,6,10,8,1,19,131,51,24,71,48
"968","B.丹尼尔",270,18,6,3,13,42,6,5,13,44,32,9,21,26
"969","本格特",45,1,1,0,0,1,0,0,2,16,4,6,9,7
"970","乌贾",135,27,12,4,11,12,3,0,5,10,1,2,44,2
"972","J.葛巴明",2250,35,7,2,46,22,34,1,29,32,34,4,55,59
"973","贝尔",540,18,4,0,10,21,15,0,14,124,58,11,96,30
"974","菲利普",90,1,0,0,5,3,1,0,8,10,6,0,3,8
"975","波特巴库",135,11,3,0,11,6,6,0,13,6,9,1,9,16
"976","博蒂乌斯",180,47,13,4,41,29,29,7,47,11,34,2,24,48
"977","马克西姆",180,16,3,1,14,16,9,0,7,7,6,0,3,16
"979","亚历山大.哈克",270,11,2,1,0,2,8,1,8,56,39,16,40,28
"980","彼埃尔昆德",585,30,7,0,25,15,25,0,26,46,26,14,26,45
"981","O.文特",180,8,5,1,8,25,8,1,18,62,22,11,27,43
"982","L.拜耶",90,5,1,0,4,2,4,0,3,26,7,6,12,24
"983","斯特罗布尔",720,7,2,0,10,17,4,4,24,34,34,14,35,32
"984","弗洛里安.纽豪斯",2160,51,13,3,33,29,28,8,40,20,10,1,6,25
"985","金特尔",3150,23,8,2,6,9,2,0,15,96,20,19,68,23
"986","拉菲尔",360,11,3,2,16,16,9,1,5,0,0,0,2,7
"987","克拉马",1080,8,3,2,13,9,10,1,14,21,23,4,16,42
"988","尼克.埃尔维蒂",3150,14,3,2,3,3,9,1,14,129,51,13,80,40
"989","霍夫曼",1080,36,10,5,25,34,9,5,25,13,16,2,8,37
"990","扎卡里亚",1530,36,14,4,22,16,30,0,19,19,23,9,16,39
"991","斯廷德尔",1350,34,11,3,16,22,14,1,30,13,13,2,19,21
"992","索尔甘.阿扎尔",4050,77,26,10,52,74,69,11,62,10,28,2,22,50
"993","赫尔曼",405,19,4,3,7,25,10,2,10,10,7,3,8,21
"995","兰治",540,11,3,1,3,5,2,0,7,38,16,3,20,14
"996","I.特拉奥雷",270,15,5,0,3,14,17,2,6,1,5,1,1,12
"997","A.比利亞",3420,83,41,12,45,34,21,4,32,15,4,2,37,15
"998","迈克尔.屈桑斯",585,8,1,0,9,5,10,1,2,4,5,0,1,9
"999","扬奇克",315,4,0,0,1,1,2,1,12,48,26,7,31,13
"1000","约翰逊",315,3,2,1,9,4,0,0,15,13,11,3,7,12
"1001","P·门德斯",540,8,2,1,8,9,11,0,47,66,47,22,37,74
"1002","马蒂亚斯·苏亚雷斯",90,0,0,0,6,4,1,0,16,16,9,0,11,20
"1004","列斯迪",72,5,2,1,9,2,2,0,4,7,8,3,3,14
"1005","斯库莱特奇",90,33,13,1,11,7,8,1,7,13,3,1,46,9
"1006","P.拿斯尼",225,22,8,2,20,23,11,0,26,22,23,2,21,51
"1007","J·桑比亚",360,23,6,0,29,21,27,1,24,2,6,2,11,15
"1008","K.多里",135,1,0,0,2,1,0,0,2,0,0,0,1,0
"1009","伊利斯",900,25,5,3,31,23,30,2,33,36,59,7,42,100
"1010","S.卡马拉",22.5,7,5,3,1,2,3,0,5,3,0,0,5,0
"1011","孔戈尔",67.5,14,5,2,10,9,3,2,30,100,65,15,85,72
"1012","N.科扎",360,0,0,0,8,3,6,1,10,32,22,10,16,19
"1014","勒塔莱",360,35,14,3,12,22,3,0,28,47,56,8,73,93
"1015","鲁本.阿吉拉尔",540,13,4,1,24,44,32,4,41,43,34,3,29,87
"1017","布托巴",45,3,0,0,0,1,2,0,3,0,0,0,0,0
"1018","迪罗特",1125,118,36,14,66,55,51,7,53,6,6,7,134,33
"1019","莫雷特",630,83,33,6,50,68,18,4,33,4,19,1,15,36
"1020","布洛斯",360,12,3,2,28,23,25,0,24,45,38,7,14,47
"1021","F.皮里斯",135,0,0,0,0,0,0,0,0,2,1,0,6,8
"1022","G.拉博德",720,84,29,11,66,39,39,4,36,26,6,2,110,40
"1023","希尔顿",9,16,4,0,5,8,3,2,45,197,64,15,82,35
"1024","查德利",1350,2,1,0,15,7,7,0,7,7,3,0,11,10
"1025","纳尔多",135,3,0,0,0,1,0,0,0,21,3,2,13,5
"1026","薛迪比",1620,17,3,0,18,30,8,2,31,46,26,9,32,51
"1027","姆比达",630,1,0,0,0,0,1,0,2,0,1,0,0,2
"1028","姆比达",630,1,0,0,0,0,1,0,2,0,1,0,0,2
"1029","R.费夫雷",9,2,0,0,1,1,1,0,2,1,1,0,1,1
"1030","R.费夫雷",9,2,0,0,1,1,1,0,2,1,1,0,1,1
"1031","P.佩莱格里诺",720,1,1,1,0,1,1,0,2,0,1,0,1,1
"1032","P.佩莱格里诺",720,1,1,1,0,1,1,0,2,0,1,0,1,1
"1033","威廉格贝尔",1080,0,0,0,1,0,0,0,0,0,0,0,0,0
"1034","瓦因奎乌尔",113,0,0,0,3,0,1,0,1,0,0,0,2,6
"1035","M.洛佩斯",2520,51,24,2,28,47,22,2,28,10,8,1,9,35
"1036","M.洛佩斯",2520,51,24,2,28,47,22,2,28,10,8,1,9,35
"1037","吉恩",900,14,3,0,11,8,11,1,17,12,18,0,21,20
"1038","法尔考",900,93,42,15,46,18,11,2,61,23,3,6,88,36
"1039","法布雷加斯",2250,10,5,1,6,19,3,0,17,3,10,3,6,12
"1040","纳尔多",135,3,0,0,0,1,0,0,0,21,3,2,13,5
"1041","B.亨里克斯",1440,8,1,1,10,22,8,2,42,41,29,0,15,59
"1042","B.亨里克斯",1440,8,1,1,10,22,8,2,42,41,29,0,15,59
"1043","戈洛温",2700,50,16,3,36,26,26,3,43,6,19,3,9,33
"1044","索菲亚迪奥普",450,8,3,0,20,2,13,0,8,3,6,0,6,11
"1045","A·席尔瓦",1800,9,3,0,15,6,15,0,16,24,19,2,20,50
"1047","格利克",1350,15,4,1,3,2,2,0,38,195,60,16,105,31
"1048","F.巴罗图雷",630,7,3,0,37,26,50,4,53,66,51,9,60,97
"1049","高臣马田斯",2520,30,16,4,26,16,21,2,25,7,8,2,7,20
"1050","约维蒂奇",1260,20,7,2,3,6,2,0,3,3,1,0,5,1
"1052","F.巴罗图雷",630,7,3,0,37,26,50,4,53,66,51,9,60,97
"1055","A·席尔瓦",1800,9,3,0,15,6,15,0,16,24,19,2,20,50
"1056","拉吉",45,1,0,0,2,3,0,0,6,14,7,1,4,7
"1057","格利克",1350,15,4,1,3,2,2,0,38,195,60,16,105,31
"1059","热梅尔森",1620,7,0,0,2,5,1,1,19,110,21,18,66,57
"1060","查德利",1350,2,1,0,15,7,7,0,7,7,3,0,11,10
"1061","吉恩",900,14,3,0,11,8,11,1,17,12,18,0,21,20
"1062","拉吉",45,1,0,0,2,3,0,0,6,14,7,1,4,7
"1063","米利克",1800,110,52,17,22,37,10,3,27,15,3,2,44,18
"1064","阿兰",5400,24,2,1,40,34,40,3,60,27,35,12,14,103
"1065","尤尼斯",450,13,6,3,9,9,18,2,15,0,2,0,1,11
"1066","库利巴利",5400,18,7,2,10,6,10,2,17,135,41,34,76,59
"1067","菲比安",2250,51,14,5,28,61,35,4,22,24,21,4,16,53
"1068","F.格奥拉姆",2250,9,3,1,2,25,1,3,18,12,8,2,31,10
"1069","洛伦佐.因西涅",5850,118,36,10,27,64,25,6,15,3,8,0,3,14
"1070","希沙基",2250,12,0,0,22,15,17,2,19,44,24,3,30,39
"1071","奥纳斯",405,20,8,3,8,17,13,0,9,0,3,0,5,5
"1072","鲁伊",1260,21,4,1,15,26,10,1,17,28,22,3,4,24
"1073","杰林斯基",3600,81,28,6,39,60,35,2,29,15,18,4,16,41
"1075","马尔库特",900,12,3,0,20,22,33,2,22,56,44,4,20,42
"1076","梅滕斯",2700,89,39,16,27,66,18,11,28,3,13,0,7,19
"1077","塞巴斯",180,2,0,0,0,0,1,0,7,30,12,3,20,7
"1078","A.迪亚瓦拉",1350,9,1,0,5,5,8,0,2,11,10,0,6,12
"1080","卡列洪",2160,61,16,3,20,72,12,10,49,6,21,5,11,34
"1081","阿尔比奥尔",720,4,1,1,2,5,1,0,7,86,19,16,47,19
"1083","马克西莫维奇",720,2,1,0,2,4,4,0,17,51,25,10,27,20
"1084","维尔迪",2250,20,8,3,16,12,12,3,8,2,4,0,2,16
"1085","齐里切斯",450,1,0,0,0,0,2,0,1,1,1,2,4,2
"1086","奥斯汀",900,32,9,2,15,10,1,2,18,13,2,2,42,14
"1087","J.贝德纳雷克",450,5,1,0,5,9,1,1,7,168,62,27,78,39
"1088","普劳斯",1620,31,16,7,14,47,4,0,10,52,23,7,21,36
"1089","阿姆斯特朗",630,32,12,3,23,29,17,2,21,11,11,0,16,28
"1090","塔格特",630,11,3,1,8,23,1,3,10,33,26,3,16,28
"1091","霍伊别尔格",900,53,19,4,47,27,23,3,47,28,64,8,46,72
"1092","M.埃尔尤努西",1350,20,6,0,8,15,11,0,13,5,7,1,9,16
"1094","维斯特加德",1800,14,1,0,5,5,9,0,14,171,33,19,80,53
"1096","史蒂芬斯",720,7,5,1,6,5,4,0,7,90,34,13,54,23
"1097","罗梅乌",1080,10,4,1,15,9,16,0,17,32,46,17,45,81
"1098","伯特朗",1800,16,2,1,8,22,5,0,22,44,30,5,37,46
"1100","英斯",720,54,23,7,30,28,18,3,22,6,4,2,17,31
"1101","卡拉格",270,0,0,0,2,0,0,0,1,1,0,0,3,0
"1102","肖恩.朗",630,30,10,5,22,12,3,1,23,18,5,1,74,15
"1103","里米纳",1350,25,5,1,33,13,25,1,23,31,42,3,29,50
"1104","J.辛斯",67.5,5,1,0,9,1,3,1,5,1,1,0,1,1
"1105","雷德蒙德",1620,74,22,6,87,52,91,4,28,20,22,2,26,45
"1106","吉田麻也",630,14,3,0,0,5,3,1,6,98,44,19,33,15
"1107","帕洛瓦",315,19,7,2,12,5,20,0,12,108,33,14,52,78
"1110","曼斯",31.5,0,0,0,1,0,2,0,0,0,0,0,1,1
"1111","E.伊埃",270,3,0,0,6,2,7,0,9,34,14,4,18,27
"1112","杜尔",720,56,14,3,40,25,39,1,47,26,48,10,49,46
"1113","K.艾诺克",360,5,0,0,18,19,21,1,20,49,73,4,45,63
"1114","卡里利巴利",270,57,18,8,24,21,18,2,21,20,2,1,139,14
"1115","兰德尔科洛穆尼",13.5,3,1,0,8,0,1,0,1,2,0,0,2,2
"1116","A.瓦隆瓦",36,1,0,0,0,0,0,0,0,2,1,2,4,0
"1118","吉罗托",180,20,5,2,6,5,1,0,23,41,30,6,58,59
"1119","科尔辛",135,6,1,0,6,1,4,0,13,30,22,4,35,20
"1120","托马斯巴西拉",13.5,0,0,0,0,0,0,0,1,7,0,1,1,2
"1121","查尔斯·特拉奥雷",180,7,3,0,9,6,1,0,22,33,17,3,27,40
"1122","罗多尔",1080,72,17,4,38,86,32,5,29,16,28,6,36,86
"1123","S. 穆图萨米",113,26,9,2,26,20,14,3,11,15,7,2,8,33
"1124","瓦里斯",225,39,13,5,58,27,25,3,72,5,5,0,14,19
"1125","L.利马",405,21,4,0,32,48,22,4,31,55,31,3,41,50
"1126","阿卜杜拉耶大",90,0,0,0,3,3,1,0,2,0,0,0,0,3
"1127","S.法比奥",180,3,0,0,6,15,6,2,18,26,17,4,20,53
"1128","卢卡斯",450,14,4,1,19,4,11,0,31,8,6,0,25,30
"1129","波斯奇利亚",675,39,17,4,30,26,14,4,22,5,8,2,5,33
"1130","克莱门特",135,28,10,6,9,3,1,0,6,7,0,0,53,2
"1131","萨达",495,35,15,3,63,37,72,5,26,11,16,1,21,26
"1132","阿利奥伊",360,51,20,5,13,21,6,0,11,10,9,1,43,14
"1133","A.布力昂松",270,20,8,2,1,8,2,2,24,169,76,39,74,46
"1134","费里",360,15,3,2,31,26,26,1,31,12,17,4,23,54
"1135","巴尔迪维亚",72,0,0,0,0,0,0,0,1,0,1,0,1,1
"1136","哈雷克",36,0,0,0,0,0,1,0,1,5,0,0,4,3
"1137","R.里帕尔特",225,69,23,8,50,30,17,5,71,72,25,7,99,71
"1138","萨瓦尼耶",1080,67,21,6,46,84,74,14,97,47,63,15,52,93
"1139","盖坦",72,3,3,0,8,9,7,0,11,42,18,6,20,43
"1140","弗洛里安·米格尔",90,3,0,0,2,9,3,1,19,47,20,6,21,19
"1141","利博希",13.5,3,2,2,1,0,1,0,10,63,16,10,27,24
"1142","安托南",315,36,11,7,26,26,18,2,11,12,15,3,19,35
"1143","马奥沙",270,8,3,0,20,13,21,1,26,62,24,5,20,56
"1144","兰德尔",180,6,3,3,2,0,4,0,16,75,36,11,35,32
"1145","费·奥洛克",360,13,3,1,17,21,20,0,30,43,41,4,20,81
"1146","T.華爾斯",225,20,4,0,15,19,5,0,12,13,22,4,22,37
"1148","迪亚洛",135,6,0,0,1,2,0,1,9,14,12,1,29,15
"1149","迪亚洛",135,6,0,0,1,2,0,1,9,14,12,1,29,15
"1150","海雷里",540,17,2,0,8,5,8,0,46,153,59,17,100,70
"1151","M.马奥里达",810,18,7,0,28,19,19,3,7,5,1,0,9,13
"1152","帕特里",180,8,0,0,13,5,11,0,12,36,31,5,11,34
"1153","Y. 阿特力",360,36,15,6,27,23,98,0,58,37,57,8,50,67
"1154","J.玛肯戈",360,12,5,1,33,12,23,0,13,3,8,1,5,11
"1155","勒比汉",81,5,3,1,4,0,2,0,3,1,1,0,2,1
"1156","W.西普里安",900,53,21,4,27,61,19,2,48,15,10,5,12,39
"1157","伊格内修斯",225,27,10,2,15,11,16,0,12,5,1,0,24,3
"1159","A.欧斯达",360,19,4,0,36,25,40,3,36,56,62,12,35,74
"1160","丹特",135,21,3,1,5,6,3,1,17,145,38,30,74,54
"1161","雅莱",45,4,3,1,3,3,1,0,3,29,14,5,9,26
"1163","麦希敏",1800,76,19,6,84,57,141,3,68,3,4,0,32,12
"1164","皮埃尔·李斯",720,39,11,2,24,30,17,1,31,31,35,7,18,72
"1165","C.拉辛",225,2,0,0,0,1,3,0,0,2,3,1,5,2
"1166","M.萨尔",1350,9,1,1,13,6,7,1,30,93,70,13,55,56
"1167","S.伊赫桑",180,6,1,0,9,5,2,1,6,2,2,0,4,8
"1168","巴西姆萨瑞尔法",270,11,3,1,6,10,22,0,21,5,4,1,8,21
"1169","达尼洛",900,23,6,0,41,12,34,0,34,22,15,2,17,29
"1170","肯尼迪",900,31,6,1,40,11,29,1,22,17,30,0,7,30
"1171","保罗.杜米特",315,9,1,0,1,4,2,0,10,123,35,10,60,33
"1172","A.古蒂雷斯",1800,55,28,12,79,44,46,2,42,28,40,4,25,60
"1173","谢尔维",1350,23,8,1,4,25,10,1,5,12,8,3,14,21
"1174","罗杰拉",1800,19,8,0,7,13,7,0,17,4,8,1,1,20
"1176","寄诚庸",540,8,2,0,10,16,5,1,16,19,20,1,13,16
"1177","海登",630,21,5,1,25,22,11,4,14,29,38,5,49,74
"1178","里奇",1080,41,10,2,19,58,15,8,38,60,56,10,35,70
"1179","拉舍莱斯",1350,11,1,0,5,3,1,1,9,218,39,27,92,32
"1180","勒琼",720,6,2,0,0,6,3,0,6,45,20,4,32,27
"1181","费尔南德斯",720,4,1,0,4,5,0,1,7,104,24,12,37,18
"1182","武藤嘉纪",900,6,3,1,12,5,8,0,10,3,4,0,10,8
"1183","曼奎洛",450,2,1,0,9,8,4,3,8,52,16,1,20,28
"1184","耶德林",720,11,2,1,10,28,8,2,13,71,29,10,31,54
"1185","法比安",270,25,7,4,10,11,14,1,18,136,65,16,64,59
"1186","C.克拉克",540,7,3,3,2,2,0,0,6,58,12,7,43,20
"1187","阿苏",540,28,14,1,33,18,24,0,25,14,7,3,10,26
"1188","爱德华罗",630,37,13,3,39,16,29,2,25,19,10,3,16,27
"1189","亚历山德罗",225,3,2,1,2,1,5,0,18,88,22,17,38,26
"1190","布鲁诺.阿尔维斯",45,16,5,4,1,10,2,1,12,205,27,28,106,16
"1191","西利加迪",81,36,7,1,44,18,34,2,25,10,15,3,15,30
"1192","斯托萊",126,22,4,0,19,21,8,2,29,31,32,13,12,21
"1193","N.史艾克斯",27,1,0,0,3,0,2,0,3,0,0,0,0,0
"1194","F.赛尔瑞塔",27,2,0,0,1,2,1,0,3,25,3,1,14,10
"1195","因格莱塞",1350,46,20,9,57,13,20,0,33,27,5,2,63,20
"1196","M.斯皮罗卡蒂",81,10,4,1,7,11,3,0,21,3,7,0,3,9
"1198","巴里拉",45,19,8,3,27,20,11,2,32,42,36,13,23,63
"1199","斯科扎雷拉",45,8,1,1,6,19,5,3,10,30,24,10,4,18
"1200","切拉沃洛",180,20,9,2,34,10,14,0,21,18,1,1,22,6
"1201","格拉西",630,5,1,0,3,1,5,0,11,8,8,2,6,20
"1202","戈比",27,3,0,0,2,9,2,1,6,42,9,8,8,15
"1203","伊亚科博尼",54,9,1,0,13,11,12,0,31,136,39,26,56,62
"1204","迪马尔科",315,14,3,1,14,9,9,0,6,15,15,6,6,22
"1205","热尔维尼奥",630,44,19,11,55,22,63,2,33,0,9,0,0,18
"1206","库茨卡",225,26,11,4,29,16,15,3,25,35,18,7,74,52
"1207","德齐",180,2,1,0,0,0,0,0,0,2,3,0,1,1
"1208","加佐拉",36,2,1,1,4,4,4,0,6,24,4,3,23,8
"1209","加格里奥洛",180,21,3,0,7,17,4,2,41,193,65,34,43,68
"1210","里戈尼",90,16,5,2,15,10,7,1,18,36,19,2,19,40
"1212","安德雷斯.克里斯滕森",3150,0,0,0,0,0,1,0,4,24,4,2,18,11
"1213","威廉",3600,62,22,3,41,79,39,6,31,11,14,1,11,34
"1214","坎特",9000,29,6,4,54,46,30,4,13,25,45,6,27,77
"1215","科瓦西奇",3150,28,4,0,39,25,40,2,33,17,9,2,10,42
"1216","若日尼奥",5850,19,7,2,30,30,14,0,22,34,66,7,13,78
"1217","阿兹皮利库埃塔",3600,17,7,1,10,27,9,5,15,79,43,15,72,109
"1218","路易斯",2250,34,8,3,4,20,10,2,29,142,35,18,79,45
"1219","达维德.赞帕科斯塔",1620,2,1,0,1,1,2,0,1,4,3,0,3,0
"1220","吉鲁",1350,31,9,2,5,17,2,4,6,6,3,1,36,3
"1221","阿隆索",4050,45,7,2,28,32,16,4,37,84,38,2,66,72
"1222","奇克",2250,28,8,6,24,17,43,2,23,5,13,4,21,20
"1223","R.巴克利",2520,40,9,3,34,22,16,5,27,13,9,1,18,16
"1224","艾玛森",1620,5,1,0,9,5,11,0,6,7,5,1,5,16
"1226","卡希尔",900,0,0,0,0,0,0,0,0,1,0,0,1,0
"1227","鲁迪格",4050,27,6,1,9,8,4,0,15,96,29,8,83,34
"1229","佩德罗",2250,57,25,8,33,29,42,2,26,9,17,2,9,27
"1230","谢洛托",360,2,1,0,0,2,0,0,1,8,3,0,5,3
"1231","安德雷奥利",108,3,2,0,1,0,0,0,4,38,7,3,29,11
"1232","P.加罗斯辛斯基",45,6,2,0,6,12,8,0,16,36,22,4,24,29
"1233","梅乔里尼",54,33,15,3,24,12,4,1,55,25,9,2,92,17
"1234","贾凯里尼",90,33,12,3,47,43,23,1,47,7,16,2,12,13
"1235","N.弗雷",18,0,0,0,0,1,0,0,1,14,7,3,4,2
"1236","德保利",450,12,3,0,17,33,14,4,23,68,37,16,33,75
"1237","托莫维奇",135,4,1,1,1,2,1,0,7,30,14,1,16,9
"1239","塔纳斯耶维奇",18,1,0,0,0,0,0,0,0,0,0,0,0,0
"1240","K.索菲安",90,18,3,0,13,10,27,1,10,5,9,0,11,27
"1242","德约杰维奇",72,14,8,1,5,5,2,1,12,8,2,1,27,11
"1243","普西亚雷里",225,1,0,0,9,1,3,0,5,2,3,0,2,4
"1245","A.特罗斯",450,6,2,0,4,5,5,0,8,14,20,4,4,24
"1246","赫特麦",315,12,4,2,25,14,19,0,70,23,30,1,22,54
"1247","佩利西耶",18,26,11,4,18,13,7,1,24,6,2,1,26,4
"1248","斯特平斯基",360,60,16,6,62,30,10,2,54,20,5,2,53,16
"1249","伊曼纽尔",72,9,4,1,15,11,11,1,5,0,9,0,2,8
"1250","里戈尼",108,21,5,0,10,8,1,1,18,43,24,5,45,42
"1251","罗塞蒂尼",126,4,3,0,4,1,0,0,8,112,36,14,43,26
"1252","迈赫迪.莱里斯",27,30,8,0,37,18,20,2,15,16,26,1,33,52
"1253","馬迪亞巴尼",225,14,3,0,7,4,1,0,32,156,61,35,91,66
"1254","塞萨尔",18,5,2,1,1,1,1,0,5,60,12,8,31,16
"1257","P. 佩雷拉",180,3,0,0,17,17,14,0,10,48,15,5,19,22
"1258","维罗索",360,29,3,0,7,24,2,1,6,19,15,1,12,29
"1259","D.比尔斯科",108,11,1,0,18,8,42,0,31,97,64,13,62,61
"1260","海傑馬克",315,13,5,1,8,12,8,0,10,14,15,3,12,17
"1261","G.佩萨拿",270,2,0,0,3,2,1,0,3,9,2,1,0,8
"1262","苏卡诺维奇",180,19,6,0,6,8,1,0,12,96,21,9,52,29
"1263","斯图拉罗",630,4,2,1,6,3,3,0,6,1,3,1,1,3
"1264","拉多万诺维奇",315,52,4,0,10,14,13,0,32,56,40,11,73,46
"1265","冈特尔",45,3,0,0,0,5,0,0,9,35,19,7,23,18
"1266","潘德夫",45,27,10,4,33,20,18,2,47,3,1,0,10,12
"1267","桑纳比亚",900,32,11,3,15,7,8,0,15,1,4,0,27,6
"1268","贝萨",360,31,14,1,28,36,15,3,18,10,20,3,16,61
"1269","安德列法维",585,5,3,0,1,3,2,2,2,1,0,0,9,1
"1271","克里希托",360,31,6,2,11,49,19,4,49,128,65,12,43,109
"1272","卢卡",360,5,0,0,3,3,0,0,5,6,4,1,10,5
"1273","克里斯蒂安",1350,20,7,2,5,3,15,2,21,120,37,27,59,61
"1274","雷安格",540,15,5,1,12,18,3,0,22,11,18,1,27,32
"1275","克里斯蒂安夸梅",450,84,24,4,79,43,37,3,79,24,24,3,186,29
"1276","埃斯特班.洛伦",72,8,1,0,18,10,11,0,17,7,16,2,8,45
"1277","戴维科斯塔",315,2,1,0,6,0,0,0,7,51,20,6,29,27
"1278","阿劳霍",630,12,7,3,2,4,2,0,4,147,40,21,71,39
"1279","布雷斯门德斯",315,70,26,6,39,44,21,7,64,20,25,3,32,58
"1280","J.桑切斯",180,11,3,0,6,8,4,0,12,11,9,1,7,19
"1281","F.本谭",720,17,3,1,24,9,9,0,14,13,18,2,6,24
"1282","马洛",1080,25,8,1,16,32,22,4,27,112,52,13,60,74
"1283","O.尤库斯路",675,18,6,2,22,11,28,0,34,51,41,11,78,62
"1284","M.高美斯",3600,81,28,13,39,31,13,5,66,42,2,0,136,7
"1286","阿斯帕斯",2250,70,33,20,37,56,20,6,43,5,16,0,23,16
"1287","W.赫特",1350,4,1,0,1,5,6,0,6,58,12,11,32,18
"1288","艾曼纽阿佩",36,0,0,0,3,1,0,0,0,0,0,0,0,0
"1290","凯文.巴斯克斯",45,0,0,0,1,1,1,0,7,8,4,3,1,7
"1291","洛博特卡",1350,11,2,0,21,18,28,1,48,15,25,1,10,28
"1292","博德博兹",720,21,8,1,28,26,19,2,17,8,10,2,12,21
"1293","保法尔",1080,50,16,3,67,40,147,3,60,6,10,0,19,36
"1294","D.苏亚雷斯",1080,1,1,0,0,1,2,0,1,0,0,0,1,0
"1295","勒内",135,6,1,0,8,16,13,3,21,46,37,6,26,55
"1296","奥拿沙保",225,0,0,0,2,7,5,2,5,15,7,6,4,27
"1297","席思图",1350,18,9,2,18,13,23,1,21,1,3,0,0,3
"1298","E.莫尔",270,7,4,0,9,2,10,0,6,1,2,0,3,6
"1299","B.耶德威萨姆",2520,76,37,18,38,44,44,9,24,3,9,0,40,21
"1300","卡里索",90,8,2,1,5,5,6,1,6,103,33,12,59,34
"1301","纳瓦斯",450,32,12,1,12,42,32,5,31,53,32,5,17,31
"1302","马科.罗格",720,2,0,0,3,4,11,0,11,1,7,0,11,12
"1303","M-韦伯",720,5,1,0,3,5,1,0,1,16,8,0,16,12
"1304","巴内加",1080,32,10,3,60,53,52,4,67,26,30,5,10,70
"1305","哈达迪",1080,38,12,6,18,13,13,2,26,8,7,0,20,18
"1306","罗克",630,28,7,2,37,18,23,1,25,9,16,0,11,45
"1307","B.吉尔",900,4,1,1,6,2,9,1,8,0,0,0,0,6
"1308","丁加利",1350,9,2,0,8,3,4,0,10,19,11,4,25,27
"1309","A.席尔瓦",1980,63,27,9,61,29,14,0,27,31,2,1,63,10
"1310","高美斯",450,9,3,0,3,5,1,0,7,125,46,20,85,51
"1311","埃斯库德罗",675,27,2,0,11,12,14,1,21,38,26,4,23,47
"1312","诺利托",450,2,1,0,2,0,1,0,1,1,0,0,0,3
"1313","莫雷诺",1080,58,17,4,35,67,43,4,37,16,33,4,49,67
"1314","西蒙.凯尔",900,13,3,0,1,6,0,0,14,135,29,33,79,31
"1316","戈纳隆斯",675,2,0,0,5,4,8,0,6,11,6,4,20,8
"1317","比达尔",675,8,5,0,7,14,5,0,7,9,5,0,8,14
"1318","阿拉纳",450,6,2,0,4,1,2,0,8,7,10,3,3,10
"1319","里斯",1350,3,1,0,5,2,3,0,7,15,10,2,19,9
"1320","巴斯克斯",675,45,8,3,65,30,45,4,71,24,26,2,68,52
"1321","夸利亚格雷拉",180,140,57,26,49,38,17,8,58,17,7,1,28,15
"1322","穆鲁",360,16,1,0,24,31,16,5,32,74,40,21,41,82
"1323","贾科布扬克",1350,23,6,0,4,6,2,0,6,13,9,2,4,6
"1324","普莱特",2250,34,12,2,51,37,36,3,41,28,36,4,22,62
"1326","科雷",450,7,1,0,4,4,5,0,6,100,22,15,51,18
"1327","卡普拉里",900,29,13,6,29,14,15,2,24,0,4,0,1,15
"1328","加比亚迪尼",900,28,12,4,9,13,3,2,11,3,2,1,12,4
"1329","德夫雷尔",1080,47,23,11,54,24,28,3,32,7,2,0,20,43
"1330","B.别列津斯基",1080,8,1,0,19,10,21,2,29,43,32,7,15,46
"1331","罗纳尔多维埃拉",450,7,3,0,7,4,6,0,5,24,7,2,15,19
"1332","查高普沙拉",135,8,2,0,12,19,6,1,16,36,22,3,11,39
"1333","K.利内蒂",1350,34,13,3,35,29,17,3,51,13,28,4,21,71
"1334","亚历克斯",135,0,0,0,1,0,0,0,4,25,10,4,12,10
"1335","萨波纳拉",810,24,6,2,37,25,14,4,16,9,4,2,5,12
"1336","托内利",630,7,3,1,12,1,7,0,36,87,22,21,41,30
"1337","巴雷托",90,8,3,0,6,10,1,2,9,5,15,3,2,27
"1339","G.拉米雷斯",900,27,11,4,51,32,16,4,36,24,9,4,30,37
"1340","萨乌",180,8,1,1,16,6,5,0,10,4,1,0,2,4
"1341","埃克达尔",405,15,1,0,30,18,33,0,68,60,52,12,59,56
"1342","德米拉尔",1350,7,3,2,1,2,4,0,4,78,20,11,55,25
"1343","S.辛斯",1620,36,7,2,27,51,20,4,68,13,31,7,11,37
"1344","鲁迪",990,5,1,0,12,13,7,0,18,14,14,2,7,45
"1345","厄齐普卡",495,13,1,1,23,45,23,5,23,21,24,4,12,38
"1346","B.斯塔布里",990,3,1,0,8,9,10,2,15,56,32,9,20,53
"1347","乔治.提莫尔",0,2,1,0,0,0,0,0,1,3,1,1,1,3
"1348","斯克齐布斯基",315,17,7,3,14,9,5,1,9,0,3,1,3,8
"1349","乌特",1440,39,15,2,16,13,15,1,24,11,9,2,15,21
"1350","H.门德尔",630,3,2,0,3,0,7,0,6,6,10,2,4,17
"1351","塞尔达",990,30,9,2,38,14,40,1,28,4,23,6,21,50
"1352","布鲁马",270,2,0,0,0,0,2,0,2,34,4,2,18,12
"1353","威斯顿麦肯尼",1800,25,9,1,23,19,17,4,17,43,35,9,86,28
"1354","卡利久里",675,51,15,7,47,59,61,3,38,64,48,10,42,91
"1355","布格斯塔勒",810,45,18,4,33,9,7,0,24,10,2,0,33,12
"1356","本塔莱布",1800,21,7,3,13,18,20,0,16,17,35,7,40,36
"1357","马斯卡雷尔",720,6,0,0,8,5,5,2,4,7,25,7,11,22
"1358","萨内",1350,19,3,2,7,6,11,0,34,143,66,29,117,51
"1359","A.索普夫",450,18,3,1,21,14,16,0,10,9,9,0,4,24
"1360","科诺普利扬卡",900,17,5,1,4,10,11,0,7,0,3,0,5,2
"1361","里特",27,0,0,0,0,0,0,0,0,0,0,0,0,0
"1362","布里尔.恩博洛",1260,26,13,5,38,19,26,1,29,5,4,0,29,21
"1363","纳斯塔西奇",1980,21,5,1,2,6,1,0,6,111,44,20,63,38
"1365","安海尔",1350,12,5,1,38,21,35,1,50,1,9,1,9,14
"1366","佩林",225,13,3,1,6,8,6,1,20,110,38,24,89,54
"1367","卡贝拉",1260,82,26,8,76,59,57,4,67,4,17,1,16,86
"1368","T.科罗德杰克扎克",540,16,6,3,8,15,10,3,12,112,53,11,46,35
"1369","瓦达",360,7,1,1,5,7,5,1,10,4,9,1,2,10
"1370","帕奎特",180,20,8,1,23,14,20,1,9,27,12,4,28,45
"1371","德比希",270,14,9,4,13,21,8,3,19,59,45,8,94,41
"1372","L.迪奥尼",540,39,19,5,32,19,13,1,28,10,1,0,28,16
"1373","R.哈姆马",225,34,11,4,30,31,17,4,34,3,9,1,23,28
"1375","W.卡兹里",1440,92,38,13,67,68,43,6,52,4,12,2,14,41
"1376","姆维拉",900,14,2,0,14,24,10,1,33,79,70,12,51,75
"1377","亚尼斯.萨里布尔",450,33,4,1,28,19,26,3,30,3,8,0,9,8
"1378","贝里克",405,37,20,9,15,8,3,1,23,3,4,2,28,11
"1379","席尔瓦",225,5,1,0,8,7,9,2,30,52,12,3,31,20
"1381","尤斯夫",900,14,2,0,13,18,20,2,19,20,35,7,15,52
"1382","M.德罗",450,13,3,0,12,17,2,3,31,12,20,2,8,22
"1384","蒂亚戈·乔内克",72,16,1,0,13,17,5,3,37,126,53,23,63,73
"1386","帕洛斯基",315,10,4,2,15,5,1,0,10,0,1,0,7,13
"1387","洛伦科.西米克",108,5,0,0,2,1,0,0,2,16,12,1,10,6
"1388","拉萨里",1620,34,5,0,45,54,62,8,63,37,22,5,15,27
"1389","M.扬科维奇",158,1,1,0,0,2,2,0,4,0,0,0,0,3
"1390","瓦尔迪费奥利",90,7,2,0,3,22,2,1,8,8,5,2,2,17
"1391","米西罗利",198,15,1,0,25,27,21,0,55,39,41,11,69,55
"1392","博尼法泽",495,12,4,2,19,8,23,1,19,76,36,20,40,43
"1393","菲利佩",45,14,8,3,2,8,5,2,14,85,21,19,53,36
"1394","默德",540,56,16,3,40,38,34,0,40,59,51,4,42,64
"1395","韦卡里",180,8,4,2,3,2,0,1,11,135,32,23,46,28
"1396","洛伦佐.迪文",144,1,0,0,1,0,1,0,3,3,1,0,3,5
"1398","佩塔尼亚",810,90,42,16,88,29,28,1,46,15,4,8,40,14
"1399","瓦洛蒂",90,20,4,2,16,10,8,0,28,13,18,0,23,35
"1400","雷吉尼",162,0,0,0,1,0,0,0,3,4,0,1,3,1
"1401","朱鲁",72,1,1,0,1,0,2,0,0,19,5,3,8,3
"1402","库尔提克",450,64,13,6,22,37,24,5,55,50,20,3,65,37
"1403","弗洛卡里",27,24,8,3,20,4,7,1,18,4,1,2,24,12
"1404","斯基亚塔雷拉",108,14,4,0,19,36,9,4,51,26,22,5,18,43
"1405","库亚特",900,20,8,0,22,14,11,2,17,32,16,11,65,55
"1406","J.沃德",450,2,1,1,4,2,1,0,6,31,10,0,18,13
"1407","施鲁普",810,28,8,4,25,16,22,1,14,20,21,8,51,38
"1408","凯利",270,3,1,0,1,1,0,0,1,84,11,11,36,22
"1409","本特克",1980,25,8,1,15,9,5,1,9,13,0,2,88,4
"1410","巴舒亚伊",3600,27,10,5,12,2,8,0,2,0,3,3,11,4
"1413","米利沃耶维奇",1350,57,25,12,19,57,14,2,37,64,71,15,53,90
"1414","A.比斯卡",3150,9,0,0,40,14,56,3,16,126,86,16,44,132
"1415","迈耶尔",1620,38,8,1,23,22,13,2,18,18,16,0,4,33
"1417","丹恩",450,6,1,0,1,2,3,1,0,45,5,12,25,4
"1418","乔丹·阿尤",720,27,3,1,30,15,11,2,25,5,7,0,33,35
"1419","范安霍尔特",810,45,11,3,15,35,18,2,14,78,42,9,10,45
"1420","汤森德",1350,62,19,6,74,61,58,4,56,17,36,5,5,60
"1421","萨科",1350,4,1,0,6,0,0,0,13,126,41,16,48,26
"1422","康纳.维克汉姆",450,5,1,0,2,4,0,1,0,2,0,0,7,0
"1423","汤姆金斯",720,21,5,1,3,7,1,1,12,178,38,10,89,35
"1424","麦克阿瑟",540,33,8,3,35,31,15,6,38,41,42,21,48,81
"1425","W.扎哈",2700,73,27,10,136,55,105,5,102,1,8,0,8,35
"1426","L.科內",270,6,2,1,8,5,8,1,22,63,30,13,56,18
"1427","凯文.佐伊",13.5,17,5,1,18,5,14,1,10,3,6,0,9,15
"1428","西索科",450,28,8,3,38,22,32,2,27,38,29,3,58,64
"1429","莫扎茨泽米",22.5,0,0,0,0,0,0,0,0,0,0,0,0,1
"1430","卡罗勒",270,8,2,0,24,22,9,3,27,44,29,5,27,23
"1431","杰里米.格里姆",54,2,1,0,1,1,0,0,3,5,4,0,3,4
"1432","阿卜杜拉恩多",54,1,0,0,2,2,0,0,4,8,5,2,3,6
"1433","L. 莫伊巴",540,35,20,10,38,17,12,2,27,14,1,1,38,10
"1434","拉拉",720,24,10,5,53,62,34,9,37,48,30,8,28,77
"1435","A.卡斯",225,6,0,0,8,12,9,1,8,58,47,10,22,50
"1436","普尔西奇",225,15,4,2,6,20,12,1,4,6,21,8,11,20
"1438","鲁多维奇",158,46,17,9,22,14,10,1,17,10,5,0,101,16
"1439","冈萨尔维斯",45,14,11,5,8,15,6,2,6,15,11,2,13,23
"1440","塞缪尔",270,5,2,0,12,6,16,1,4,5,0,0,4,20
"1441","帕布罗.马丁内斯",315,9,3,2,2,2,6,0,27,83,35,15,44,32
"1442","努诺.达科斯塔",360,47,18,8,60,20,28,5,42,4,13,2,54,38
"1443","科格奈特",90,19,9,1,9,6,8,2,19,8,5,0,23,20
"1445","米厝域",270,14,5,0,3,2,3,0,10,137,45,31,65,24
"1446","迪米特里.利尔纳德",180,22,7,0,15,14,13,2,16,19,20,2,6,32
"1447","艾迪恩",720,53,18,5,44,40,17,8,40,6,15,6,17,53
"1448","P.帕瓦尔",3600,12,4,0,4,10,7,0,14,184,53,19,79,31
"1449","卡巴克",1350,11,5,3,5,2,12,0,13,48,24,6,49,32
"1452","史蒂文·莫雷拉",113,7,1,0,10,4,4,0,5,12,9,0,5,18
"1453","J.哥里丁",225,14,6,0,18,9,5,0,15,3,2,0,15,8
"1454","格拉德尔",720,118,42,12,101,52,91,5,94,24,18,9,45,58
"1455","I.施拿",270,16,5,2,16,18,16,0,15,63,39,10,60,48
"1457","伊塞卡",270,29,11,4,27,10,6,0,14,10,1,3,34,6
"1458","博斯托克",67.5,7,0,0,9,7,0,0,14,11,17,2,13,23
"1459","昌子源",342,2,0,0,5,6,5,0,9,49,19,14,21,24
"1460","多塞维",360,23,10,4,51,58,40,2,46,4,30,1,15,40
"1461","开尔文阿斗",450,17,4,0,21,8,18,1,11,100,36,13,44,69
"1462","迪尔",3600,9,3,3,10,8,2,0,9,43,22,12,37,27
"1463","哈里.凯恩",13500,101,45,17,46,30,40,4,52,14,1,6,48,9
"1464","维尔通亨",2880,15,2,1,2,4,10,0,10,72,33,11,48,35
"1465","温克斯",1350,9,2,1,23,7,17,0,15,19,21,3,12,22
"1466","K.皮特斯",270,2,0,0,3,7,9,3,10,4,5,1,3,6
"1467","孙兴民",4500,74,29,12,41,33,46,6,19,4,7,2,4,26
"1468","万亚马",2700,7,2,1,4,2,5,0,6,8,7,3,13,11
"1469","拉梅拉",1800,29,11,4,22,23,18,2,18,1,7,0,4,16
"1470","阿里",9000,39,19,5,31,27,28,3,20,16,18,5,19,33
"1471","达维森.桑切斯",4950,14,3,1,3,3,1,1,10,102,27,9,66,33
"1472","V.延森",810,3,1,0,1,0,1,0,0,1,0,0,3,2
"1473","埃里克森",7200,83,30,8,34,72,18,12,16,8,13,3,13,41
"1474","M.西索科",1620,15,3,0,30,25,34,3,19,21,16,4,23,36
"1475","阿尔德维尔德",3600,18,5,0,0,7,1,0,1,167,24,21,50,37
"1477","罗斯",2700,15,2,0,21,26,31,3,47,21,22,4,27,48
"1479","戴维斯",2250,14,1,0,10,15,5,0,14,63,22,10,44,57
"1480","M.卢卡斯",2520,44,19,10,37,27,42,0,48,24,24,1,34,34
"1481","奥里耶",1800,4,1,0,7,6,7,2,2,18,7,2,11,21
"1482","福伊特",1350,4,1,1,8,4,18,0,9,47,9,5,25,32
"1484","辛度拉美利斯",360,42,12,0,13,18,12,0,24,1,9,1,10,18
"1485","洛佩斯",27,2,0,0,1,3,2,0,3,9,2,1,3,7
"1486","E.乌奴",720,52,16,6,37,19,16,3,39,16,3,4,99,15
"1487","托妮.维拉",72,36,14,2,59,23,53,2,41,6,12,1,3,52
"1488","J·加西亚",72,17,6,1,13,41,13,3,37,81,47,11,30,108
"1489","安努亚穆罕默德",36,9,4,1,11,2,5,0,15,24,11,1,25,35
"1490","J.莫雷诺",90,7,2,1,0,1,0,0,8,43,17,5,38,15
"1491","J.路加奧",36,6,2,0,10,10,7,0,22,72,28,9,26,25
"1492","科普",225,16,5,0,6,10,1,0,7,2,2,3,14,5
"1493","费尔南多.卡罗",54,9,2,1,4,5,10,0,12,164,55,30,70,50
"1494","凯科",180,21,11,2,21,14,31,1,21,8,12,1,10,42
"1495","埃尔韦",72,7,2,0,4,7,6,1,8,0,2,0,3,1
"1496","基科.奥利瓦斯",90,5,1,0,7,5,19,0,34,163,44,16,67,50
"1497","鲁本·阿尔卡拉斯",72,52,11,3,41,21,22,2,108,45,37,10,50,100
"1498","博尔哈",9,5,1,0,2,1,0,0,6,24,15,2,39,17
"1499","佩德雷诺",72,47,14,3,37,30,24,4,66,18,22,3,37,64
"1500","米歇尔",72,21,5,1,23,55,22,2,22,23,45,4,23,60
"1502","安东尼托",45,8,2,2,19,23,22,1,12,23,21,7,13,35
"1503","波度纳多",180,25,8,2,37,52,33,8,25,24,29,3,21,43
"1504","金泽克",900,36,14,6,24,11,12,2,14,18,4,2,26,9
"1505","R.斯特芬",315,27,8,5,16,13,18,1,29,12,19,2,25,25
"1507","容",45,0,0,0,0,1,0,0,0,1,0,0,0,1
"1508","雷克斯贝凯",18,10,4,2,20,8,8,2,34,16,13,2,22,24
"1509","布鲁克斯",900,17,6,3,10,4,4,2,12,131,43,13,73,29
"1510","马利",810,8,4,1,12,17,9,1,7,1,6,0,5,14
"1511","布雷卡洛",900,24,11,3,26,21,32,3,21,5,12,1,7,15
"1512","卡马乔",900,7,3,0,1,2,0,0,12,12,18,2,33,15
"1513","阿诺德",900,54,23,2,29,44,23,6,81,44,38,10,30,47
"1514","Y.杰哈特",450,35,7,2,34,26,13,2,41,30,29,8,21,53
"1515","费利克斯",720,1,0,0,1,0,3,0,5,7,5,2,7,13
"1516","G.莱列尔",180,0,0,0,2,0,3,0,3,1,1,0,3,3
"1517","克诺奇",315,14,5,3,5,2,6,0,17,132,47,29,82,26
"1518","克劳斯",405,15,5,1,4,4,2,0,11,0,4,0,6,11
"1519","韦格霍斯特",900,72,35,17,48,36,13,7,38,32,8,3,112,30
"1520","梅赫梅迪",450,36,13,6,31,34,12,5,38,5,14,0,29,45
"1521","鲁西隆",720,20,10,3,37,31,49,4,40,35,33,7,25,41
"1522","F.威廉士",360,25,7,2,23,39,25,1,19,113,82,2,47,83
"1523","内尔沃古",630,7,5,2,8,8,6,1,8,52,47,8,25,30
"1524","迪沙拿德",675,10,2,1,3,1,4,0,6,41,24,4,29,14
"1526","亚当·马西纳",630,3,0,0,2,3,8,1,10,36,15,4,23,29
"1527","K.西曼",180,12,4,1,27,8,18,2,9,3,8,0,19,15
"1528","S.伊萨克.费尔南德斯.维拉",180,28,9,1,26,21,13,1,47,11,2,0,29,15
"1529","杜库雷",1350,50,17,5,43,38,29,6,13,51,32,8,42,70
"1530","A.格雷",1350,35,17,7,21,14,9,2,9,4,2,0,17,4
"1531","W.休斯",900,31,7,2,56,29,23,4,71,22,24,6,22,74
"1532","基科",450,6,2,1,11,12,12,1,14,65,38,6,15,50
"1533","查洛巴赫",450,2,1,0,3,1,0,0,3,7,5,1,4,3
"1534","马科斯纳瓦罗",180,0,0,0,0,0,0,0,0,2,0,0,0,5
"1536","霍莱巴斯",180,17,5,3,25,38,22,6,14,81,18,8,58,67
"1537","R.佩雷拉",1170,57,21,6,71,34,42,1,36,20,20,0,4,23
"1538","克莱弗利",810,4,2,1,4,1,2,0,4,9,4,0,4,17
"1539","迪尼",900,63,29,9,34,42,7,5,36,28,8,4,202,24
"1540","马里亚帕",135,7,1,0,7,5,1,0,4,115,25,15,60,36
"1541","普罗多尔",360,0,0,0,0,0,0,0,0,0,0,0,0,0
"1542","卡巴塞莱",630,8,2,0,1,1,0,0,14,104,37,16,60,25
"1543","扬马特",540,11,1,0,9,12,13,2,1,60,30,6,19,38
"1544","卡斯卡特",315,13,5,3,3,1,3,0,8,177,34,30,83,51
"1545","德乌罗费乌",1260,60,22,10,65,30,48,5,13,4,15,0,3,10
"1546","卡普埃",720,18,4,1,19,10,29,3,57,92,86,13,71,86
"1547","保罗",2250,87,32,9,63,96,76,9,93,11,32,2,3,52
"1548","桑德罗",225,13,2,0,6,9,7,1,22,38,29,8,37,45
"1549","德马约",90,13,2,1,1,5,4,1,5,121,13,22,45,17
"1550","巴拉卡",1260,4,0,0,8,2,2,0,3,2,2,0,4,9
"1551","凯文.拉萨戈纳",675,63,22,6,26,19,9,2,35,31,8,2,83,6
"1552","W.埃孔",270,7,0,0,6,5,2,0,7,186,40,41,97,33
"1553","齐格拉尔",270,1,0,0,6,4,15,0,6,31,15,2,17,30
"1554","I.普賽托",630,56,18,4,47,23,46,4,53,31,27,3,91,61
"1555","德利桑德罗",180,11,2,0,12,17,25,2,25,28,9,2,5,48
"1556","塞科福法纳",1170,58,12,2,45,34,49,4,28,16,29,7,14,23
"1558","彼特霉",117,0,0,0,0,0,0,0,0,0,0,0,0,0
"1559","尼古拉斯.奥保古",63,5,0,0,5,1,4,0,4,28,20,5,18,16
"1560","阿维斯特",113,3,1,0,5,9,4,1,6,19,10,2,9,25
"1561","本威莫特",90,1,0,0,0,1,0,0,2,11,2,2,1,0
"1562","奧卡卡",450,16,8,6,44,17,23,1,29,16,0,2,54,13
"1563","纽丁克",252,5,1,1,2,5,2,0,4,115,28,25,35,48
"1564","赞斯拿臣",180,15,6,1,24,30,10,4,13,84,24,7,29,44
"1565","森梅山度士",495,9,3,2,5,8,8,0,24,80,35,8,61,45
"1566","罗兰曼陀罗",1350,46,11,3,15,28,4,2,39,51,41,9,51,68
"1567","斯万特",81,2,0,0,0,0,1,0,1,4,0,0,0,1
"1568","贝赫拉米",135,9,2,1,20,6,5,0,34,25,18,11,25,66
"1569","哈尔弗雷德森",54,2,1,1,6,5,1,0,5,7,4,1,1,9
"1570","迪奥度锡克",450,12,3,1,12,1,3,0,8,4,1,2,18,1
"1571","D.莫雷诺",1350,9,2,0,2,5,7,0,17,63,31,12,56,26
"1572","洛佩兹",18,1,0,0,2,0,1,0,4,1,3,0,0,3
"1574","帕波多",18,8,2,0,9,4,4,0,1,2,5,1,9,2
"1575","拿度",90,6,1,1,2,2,2,1,5,109,30,13,38,19
"1576","罗萨莱斯",225,18,5,3,13,12,11,1,17,60,21,7,50,47
"1577","费里拉",810,3,1,1,2,0,0,0,4,5,0,0,8,4
"1578","佩雷斯",135,15,6,1,16,14,19,2,15,12,4,2,15,14
"1579","J.盧比斯",90,7,1,0,15,17,18,0,35,78,42,5,34,63
"1580","伊格莱西亚斯",900,88,38,17,66,42,23,3,51,40,7,6,64,22
"1581","桑切斯",315,12,2,0,15,8,6,2,35,23,24,2,23,44
"1582","迪达克",176,25,7,0,17,20,8,2,29,74,58,12,44,67
"1583","马克.罗",135,22,9,1,25,23,29,2,29,55,39,21,44,76
"1584","皮亚蒂",540,15,6,1,21,14,10,0,25,5,2,0,10,21
"1585","武磊",315,30,8,3,12,10,8,1,11,7,7,0,14,13
"1586","格拉内罗",135,29,7,3,38,27,29,1,41,29,27,8,21,51
"1587","梅内多",90,9,5,0,32,33,34,5,57,6,13,1,11,17
"1588","S.达德尔",720,55,16,4,24,37,33,2,30,25,21,3,17,57
"1589","埃尔莫索",1350,26,10,3,5,4,10,0,28,169,41,25,71,40
"1590","弗雷德里克斯",360,5,2,1,2,3,10,0,10,40,14,5,21,37
"1591","桑切斯",135,3,0,0,2,2,4,0,1,4,1,0,1,5
"1593","马苏库",630,4,1,0,27,14,33,1,5,58,35,6,20,58
"1594","安东尼奥",1350,64,25,6,62,23,60,4,44,18,18,3,78,23
"1595","F.安德森",3150,58,25,9,54,64,76,4,52,13,42,0,10,84
"1596","克雷斯维尔",1080,11,0,0,5,17,5,1,12,44,19,7,25,28
"1597","佩里科",720,14,1,0,5,5,7,1,11,13,14,8,14,40
"1598","诺贝尔",630,17,8,5,34,21,13,5,37,12,21,1,8,47
"1599","兰齐尼",1800,11,4,1,12,5,12,1,7,7,7,1,2,11
"1600","威尔谢尔",1800,1,1,0,8,5,18,1,12,0,6,1,3,7
"1601","奥邦纳",810,14,5,1,4,4,2,1,7,97,34,19,78,32
"1602","萨巴莱塔",450,7,1,0,13,7,13,1,29,85,48,16,48,45
"1603","法比安.巴布埃纳",1080,19,2,1,2,3,1,0,5,169,53,15,70,40
"1604","I.迪奥普",1980,12,5,1,0,4,4,0,16,157,60,36,77,68
"1605","斯诺格拉斯",630,30,7,2,44,59,35,5,49,18,11,4,22,44
"1606","埃尔南德斯",1350,37,18,7,11,5,12,1,34,8,1,1,11,3
"1607","亚尔莫连科",1800,9,3,2,12,5,2,0,8,3,1,1,3,4
"1608","德克兰米",900,22,5,2,19,9,24,0,7,54,48,12,53,100
"1609","科尔内特",27,5,1,0,7,0,1,0,6,2,2,0,0,6
"1610","亚历克西斯",450,6,1,1,17,7,4,1,32,47,30,11,49,77
"1611","T.莫科恩特",270,17,5,0,29,32,30,1,42,77,33,18,49,76
"1612","S.奎莱希",315,27,10,3,32,13,8,1,38,12,4,0,90,7
"1613","F.奥特罗",360,54,15,2,55,27,34,2,39,16,26,2,41,31
"1614","B.祖加",315,1,0,0,2,1,1,0,5,5,2,0,0,3
"1615","迪巴素",360,11,2,1,17,7,16,1,15,94,41,21,51,41
"1616","乔丹型",63,11,1,0,8,4,8,1,15,102,47,9,63,31
"1617","格纳霍尔",360,30,14,4,49,30,21,2,9,19,22,4,29,38
"1618","科纳特",810,48,17,7,29,11,12,2,38,13,6,3,52,10
"1619","约翰瓦勒尼卡",113,42,8,2,57,27,40,2,45,7,15,0,7,31
"1620","皮特斯",540,13,2,1,10,12,6,1,23,48,17,11,23,49
"1621","克拉夫斯",180,10,5,1,12,17,7,1,34,78,22,10,41,53
"1622","阿德农",45,8,0,0,6,5,2,0,21,102,28,11,50,29
"1623","萨曼",450,43,18,4,24,36,9,4,43,7,11,1,15,31
"1624","古亚诺",270,7,3,1,6,3,1,0,41,120,44,26,62,28
"1626","博德莫尔",45,12,5,1,15,15,3,0,13,9,3,0,39,18
"1627","汉斯",630,29,10,5,33,49,14,5,13,37,25,5,64,43
"1628","D.萨帕塔",3600,119,50,23,93,65,38,7,80,24,3,5,70,9
"1629","M.巴罗",540,30,9,1,13,16,8,2,5,1,0,0,9,9
"1630","A.雷卡",360,0,0,0,0,2,2,0,2,0,3,0,1,2
"1631","迪几米斯蒂",90,10,3,1,4,6,5,2,21,89,36,11,51,32
"1632","J.帕拉明诺",675,8,4,1,4,6,6,1,7,71,66,17,59,50
"1633","帕萨力克",720,36,9,5,32,21,16,3,11,12,14,4,44,32
"1634","高臣斯",225,25,9,3,8,18,20,2,31,48,34,4,42,62
"1635","C.提摩太",450,19,8,4,29,27,19,2,14,44,27,6,24,59
"1636","马谢洛",270,8,1,0,5,7,0,2,18,43,45,6,34,29
"1637","托洛",990,26,8,1,9,13,9,3,14,55,34,9,26,28
"1638","维克多",63,0,0,0,0,0,0,0,0,1,0,0,1,0
"1639","鲁恩",1260,28,9,2,13,31,8,3,14,46,50,9,52,104
"1640","R.费奥拿",1260,30,8,2,40,44,25,6,72,41,38,11,36,84
"1641","佩斯纳",180,3,1,0,1,2,0,1,4,3,0,1,6,4
"1644","耶利济奇",1170,101,38,12,74,65,72,7,76,1,5,1,5,14
"1645","皮纳佐拉",1350,8,0,0,6,7,10,1,1,3,3,0,11,9
"1646","坎塞洛",4950,24,6,1,19,31,56,3,21,31,14,3,21,39
"1647","马图伊迪",2700,19,6,3,19,23,20,2,24,17,28,8,24,58
"1648","R.本塔库尔",3150,21,3,2,24,24,18,3,13,38,44,8,35,53
"1649","博努奇",3150,15,4,3,2,8,3,0,23,81,37,21,48,18
"1650","曼祖季奇",2250,32,17,9,19,30,5,6,33,17,14,5,72,33
"1651","莫伊斯.基恩",1350,20,10,6,10,5,8,0,6,1,2,0,7,0
"1652","迪巴拉",7650,64,21,5,47,50,47,4,66,0,15,2,4,15
"1654","卡塞雷斯",135,7,1,0,0,1,0,0,3,19,5,3,17,10
"1655","德西格里奥",1260,6,0,0,10,14,7,1,14,46,27,6,31,40
"1656","夸德拉多",1620,17,3,1,15,31,20,2,39,10,17,3,8,19
"1657","M.佩雷拉",31.5,2,0,0,0,2,1,0,1,0,0,0,1,3
"1658","贝纳尔德斯基",4050,53,16,2,16,33,19,3,31,7,6,0,8,15
"1660","基耶里尼",900,13,4,1,10,8,5,1,21,88,30,16,49,23
"1661","D·科斯塔",4050,20,7,1,13,20,30,0,8,1,4,0,0,10
"1662","皮亚尼奇",6300,29,8,2,17,71,12,6,21,16,36,5,12,39
"1663","桑德罗",4050,22,8,1,27,37,29,2,49,59,38,7,55,67
"1664","赫迪拉",1350,17,5,2,4,6,0,1,5,6,6,3,6,10
"1665","格里戈里",29.8,0,0,0,1,0,1,0,2,0,0,1,0,3
"1666","C.罗纳尔多",9000,175,68,21,41,48,44,8,50,30,6,2,33,10
"1667","巴尔扎利",90,0,0,0,3,0,0,0,0,10,4,1,7,1
"1668","鲁加尼",1980,9,2,2,5,0,0,0,5,47,18,14,40,8
"1669","埃姆雷.詹",2700,32,9,4,14,19,25,1,23,29,30,13,38,62
"1672","J.埃格施泰因",675,34,12,4,31,10,15,1,14,5,5,0,14,13
"1673","M.米洛斯.沃克",900,9,3,1,3,4,0,0,8,110,33,12,52,32
"1674","马可芬德",135,1,0,0,2,0,2,0,5,18,12,6,7,8
"1675","巴特尔斯",180,0,0,0,1,0,0,0,0,0,1,0,0,0
"1676","R.米洛特",630,59,25,9,37,30,32,5,33,3,5,2,8,25
"1678","沙欣",270,12,3,1,11,16,7,1,9,38,35,4,28,54
"1679","莫沃尔德",225,20,10,3,9,8,10,0,25,13,16,0,11,13
"1680","兰坎普",180,10,2,0,0,5,2,0,15,74,21,11,40,23
"1681","D.克拉森",1800,33,10,5,21,37,14,4,22,42,45,9,35,62
"1682","皮萨罗",45,24,8,5,14,10,6,2,8,5,1,1,30,11
"1683","奧古斯丁森",1080,20,6,1,15,26,10,4,26,73,40,12,62,50
"1684","N.莫伊桑达",180,8,1,0,6,12,12,0,13,138,41,19,48,30
"1685","巴格弗雷德",315,7,1,0,7,4,3,0,16,42,33,11,30,25
"1686","埃格斯泰因",2250,45,14,5,34,44,19,3,39,65,32,10,43,68
"1687","塞拉西",225,28,13,3,21,21,12,2,32,90,68,8,101,49
"1689","沙格特",270,4,2,2,5,2,2,0,6,3,0,0,3,2
"1690","大迫勇也",540,27,6,3,43,16,14,2,21,7,8,3,27,24
"1691","哈尔尼克",270,28,17,4,9,13,5,2,6,8,3,0,22,11
"1692","克鲁斯",1080,91,41,11,44,78,35,9,32,6,9,1,26,14
"1693","A.毛利",135,4,0,0,3,2,4,0,4,0,5,0,2,7
"1696","凯西",3150,52,16,7,40,44,41,2,31,52,26,10,38,42
"1697","博里尼",630,30,7,2,19,13,8,2,34,18,12,0,24,15
"1698","皮扬特克",1350,118,52,22,45,29,15,0,56,33,4,5,70,17
"1699","库特罗内",2070,33,14,3,27,21,5,2,20,12,7,2,19,10
"1700","L.帕奎特",3150,13,6,1,30,9,16,1,23,10,4,0,16,18
"1701","巴卡约科",3150,25,6,1,43,25,56,1,71,43,51,4,75,70
"1702","萨帕塔",180,3,1,0,2,3,1,0,8,49,7,15,27,23
"1703","恰尔汗奥卢",2430,102,26,3,35,84,31,6,38,11,27,5,24,52
"1704","苏索",3600,95,40,7,61,98,65,10,80,1,16,1,5,28
"1705","卡斯蒂里奥",1620,30,13,4,25,18,18,2,26,9,9,0,13,15
"1706","博纳文.图拉",2070,27,9,3,10,9,10,1,8,6,6,0,9,5
"1707","罗马格诺里",3600,11,4,2,3,6,1,0,14,164,37,32,73,33
"1708","阿巴特",270,1,1,0,2,7,4,0,5,41,17,6,14,34
"1709","穆萨基奥",1350,12,3,1,6,8,3,0,17,107,29,19,27,41
"1710","罗德里格斯",1350,27,6,0,18,21,11,3,19,77,36,5,41,55
"1711","孔蒂",1350,0,0,0,0,6,4,2,4,9,15,0,10,9
"1712","大卫卡拉",1170,10,2,1,18,20,10,1,18,60,31,1,15,81
"1713","比格利亚",1350,7,2,1,12,12,3,0,16,23,22,3,10,57
"1714","拉克索尔特",1080,6,3,0,11,8,6,0,6,9,4,3,6,24
